week,date,txrh,beef,beef_116,pork,pork_123a
2009-W49,2009-11-30,8.1077,,,,
2009-W50,2009-12-07,8.2139,,,,
2009-W51,2009-12-14,8.6386,,,,
2009-W52,2009-12-21,8.9723,,,,
2009-W53,2010-01-02,8.5173,277.18,4.08,149.01,5.2
2010-W01,2010-01-09,8.3277,281.93,4.18,152.44,5.32
2010-W02,2010-01-16,8.5476,288.16,4.35,159.92,5.52
2010-W03,2010-01-23,8.9572,288.97,4.06,169.42,5.58
2010-W04,2010-01-30,8.8207,284.13,3.91,156.9,5.54
2010-W05,2010-02-06,9.2378,280.48,3.9,150.9,5.67
2010-W06,2010-02-13,9.5412,282.26,3.9,150.63,5.72
2010-W07,2010-02-20,9.9052,291.94,4.11,152.33,5.71
2010-W08,2010-02-27,10.1858,300.12,4.08,158.75,5.92
2010-W09,2010-03-06,10.7168,301.18,4.1,164.85,5.84
2010-W10,2010-03-13,10.7319,300.39,3.83,163.35,5.84
2010-W11,2010-03-20,10.6561,307.89,3.99,162.05,5.94
2010-W12,2010-03-27,10.6637,322.34,4.2,159.26,6.41
2010-W13,2010-04-03,10.5575,323.73,4.03,161.15,6.47
2010-W14,2010-04-10,11.3918,329.56,4.06,170.54,6.66
2010-W15,2010-04-17,11.6951,334.73,4.08,182.2,6.79
2010-W16,2010-04-24,12.1047,334.42,4.08,194.72,6.9
2010-W17,2010-05-01,11.2097,336.71,4.12,197.93,7.15
2010-W18,2010-05-08,10.3603,337.37,4.16,198.0,7.28
2010-W19,2010-05-15,11.1946,339.15,4.29,199.98,7.53
2010-W20,2010-05-22,10.5651,334.73,4.42,194.59,7.72
2010-W21,2010-05-29,11.0732,326.48,4.46,192.43,7.75
2010-W22,2010-06-05,10.8078,321.73,4.44,188.74,7.92
2010-W23,2010-06-12,10.5954,316.76,4.23,184.18,8.1
2010-W24,2010-06-19,11.1566,309.36,4.1,181.87,8.17
2010-W25,2010-06-26,10.1176,301.93,4.11,184.98,8.16
2010-W26,2010-07-03,9.4805,308.04,4.03,181.63,8.21
2010-W27,2010-07-10,9.746,308.59,3.96,181.28,8.21
2010-W28,2010-07-17,9.5715,309.69,3.92,179.87,7.99
2010-W29,2010-07-24,10.3451,312.91,4.0,184.43,8.03
2010-W30,2010-07-31,10.2238,312.38,4.06,194.55,7.47
2010-W31,2010-08-07,10.7774,306.44,3.87,199.91,7.33
2010-W32,2010-08-14,9.9431,309.56,3.97,196.53,6.81
2010-W33,2010-08-21,10.0872,318.12,4.1,206.47,6.51
2010-W34,2010-08-28,10.3299,328.92,4.27,208.98,6.52
2010-W35,2010-09-04,11.0732,326.48,4.17,201.92,6.72
2010-W36,2010-09-11,10.7395,321.99,4.0,198.84,6.46
2010-W37,2010-09-18,10.8002,319.44,4.03,200.95,6.58
2010-W38,2010-09-25,10.6409,319.95,4.18,199.76,6.82
2010-W39,2010-10-02,10.7471,316.98,4.23,194.55,6.99
2010-W40,2010-10-09,11.3918,311.52,4.24,184.23,6.91
2010-W41,2010-10-16,11.6345,311.17,4.35,180.31,7.09
2010-W42,2010-10-23,11.9833,322.63,4.76,170.54,7.59
2010-W43,2010-10-30,11.6724,329.08,4.94,163.31,7.72
2010-W44,2010-11-06,12.1805,323.73,4.89,169.31,7.79
2010-W45,2010-11-13,12.0895,319.37,4.71,168.59,7.9
2010-W46,2010-11-20,12.3322,321.55,4.63,169.47,7.87
2010-W47,2010-11-27,12.9162,325.91,4.67,173.65,7.62
2010-W48,2010-12-04,13.5002,332.6,4.76,170.52,7.65
2010-W49,2010-12-11,13.6974,335.59,4.74,171.82,7.58
2010-W50,2010-12-18,13.4244,330.97,4.47,173.43,7.59
2010-W51,2010-12-25,13.2424,326.83,4.37,170.74,7.49
2010-W52,2011-01-01,13.0224,333.65,4.52,169.53,7.52
2011-W01,2011-01-08,13.1665,341.48,4.67,171.58,7.5
2011-W02,2011-01-15,13.9932,343.55,4.81,181.26,7.65
2011-W03,2011-01-22,13.3106,351.01,4.97,188.14,7.77
2011-W04,2011-01-29,12.7494,347.49,5.0,192.08,7.9
2011-W05,2011-02-05,13.3561,345.07,4.96,195.69,7.85
2011-W06,2011-02-12,13.7733,343.82,4.99,195.36,7.76
2011-W07,2011-02-19,13.9022,341.97,5.03,196.92,7.56
2011-W08,2011-02-26,12.9238,350.42,5.2,201.85,7.69
2011-W09,2011-03-05,12.8404,356.49,5.35,200.97,7.43
2011-W10,2011-03-12,12.7418,366.08,5.45,200.33,7.39
2011-W11,2011-03-19,12.2845,379.65,5.64,202.2,7.43
2011-W12,2011-03-26,12.4979,377.43,5.36,204.73,7.28
2011-W13,2011-04-02,12.9933,383.5,5.05,207.57,7.42
2011-W14,2011-04-09,12.4827,395.21,4.89,208.21,6.75
2011-W15,2011-04-16,12.6427,392.11,4.66,210.98,6.78
2011-W16,2011-04-23,12.4903,384.78,4.51,210.89,6.99
2011-W17,2011-04-30,12.3989,380.47,4.14,205.46,6.99
2011-W18,2011-05-07,12.2388,372.48,4.22,200.42,7.03
2011-W19,2011-05-14,12.5818,365.97,4.21,204.78,7.11
2011-W20,2011-05-21,12.6503,361.81,4.42,213.42,7.04
2011-W21,2011-05-28,12.879,354.79,4.52,201.92,7.08
2011-W22,2011-06-04,12.4979,351.32,4.54,195.95,7.2
2011-W23,2011-06-11,12.1626,347.89,4.3,196.22,7.21
2011-W24,2011-06-18,12.1396,348.92,4.29,204.67,7.29
2011-W25,2011-06-25,13.2962,358.73,4.51,214.94,7.29
2011-W26,2011-07-02,13.8246,363.35,4.5,214.63,7.35
2011-W27,2011-07-09,14.0008,364.1,4.51,213.03,7.05
2011-W28,2011-07-16,13.7557,370.44,4.58,216.08,6.85
2011-W29,2011-07-23,13.4723,359.92,4.44,219.01,7.45
2011-W30,2011-07-30,12.6528,352.46,4.49,225.61,7.51
2011-W31,2011-08-06,11.5346,351.69,4.63,236.24,7.16
2011-W32,2011-08-13,11.098,360.95,4.83,241.63,7.28
2011-W33,2011-08-20,10.041,375.74,5.16,237.14,7.35
2011-W34,2011-08-27,10.3091,375.03,5.24,228.89,7.03
2011-W35,2011-09-03,10.4546,369.09,5.11,213.44,7.18
2011-W36,2011-09-10,10.2402,368.5,5.08,207.9,7.3
2011-W37,2011-09-17,11.08,378.51,5.6,209.2,7.49
2011-W38,2011-09-24,10.7102,377.89,5.69,212.59,7.52
2011-W39,2011-10-01,10.1862,375.83,5.66,215.23,7.28
2011-W40,2011-10-08,9.9397,385.48,5.82,215.73,7.5
2011-W41,2011-10-15,10.7256,387.33,5.85,214.13,7.39
2011-W42,2011-10-22,10.4867,385.64,5.58,218.46,7.15
2011-W43,2011-10-29,11.2342,392.11,5.53,214.48,7.41
2011-W44,2011-11-05,11.0646,393.82,5.33,207.79,7.51
2011-W45,2011-11-12,10.9799,400.95,5.15,200.62,7.51
2011-W46,2011-11-19,10.2787,409.11,5.19,196.28,7.44
2011-W47,2011-11-26,9.5467,408.1,5.1,196.97,7.59
2011-W48,2011-12-03,10.8412,408.76,4.95,196.64,7.29
2011-W49,2011-12-10,11.3343,404.16,4.87,196.86,7.56
2011-W50,2011-12-17,11.0089,395.71,4.89,198.46,7.8
2011-W51,2011-12-24,11.6442,397.76,5.31,191.07,7.45
2011-W52,2011-12-26,11.5435,,,,
2012-W01,2012-01-07,11.8069,404.6,5.44,186.3,7.87
2012-W02,2012-01-14,11.8534,395.25,5.02,184.62,7.72
2012-W03,2012-01-21,12.1245,391.49,4.95,187.04,7.57
2012-W04,2012-01-28,11.9386,396.53,5.07,185.11,7.43
2012-W05,2012-02-04,12.388,391.71,4.99,186.74,7.58
2012-W06,2012-02-11,12.2795,391.86,5.0,186.98,7.7
2012-W07,2012-02-18,12.7056,394.11,5.03,190.34,7.36
2012-W08,2012-02-25,13.031,408.52,5.16,188.67,7.35
2012-W09,2012-03-03,12.6669,410.83,5.06,187.51,7.56
2012-W10,2012-03-10,12.969,410.5,4.87,186.01,7.09
2012-W11,2012-03-17,13.0157,400.4,4.57,183.77,7.33
2012-W12,2012-03-24,12.9456,398.38,4.66,177.1,7.6
2012-W13,2012-03-31,12.9612,393.58,4.54,176.0,7.12
2012-W14,2012-04-07,12.7821,386.08,4.26,173.21,7.32
2012-W15,2012-04-14,12.9223,377.65,4.33,172.33,6.78
2012-W16,2012-04-21,12.7431,386.87,4.64,170.15,7.17
2012-W17,2012-04-28,13.4519,393.16,4.77,169.64,7.15
2012-W18,2012-05-05,14.3866,388.78,4.76,172.08,7.18
2012-W19,2012-05-12,14.4022,390.28,4.89,174.31,6.96
2012-W20,2012-05-19,13.4831,390.96,4.96,180.53,6.39
2012-W21,2012-05-26,14.0439,399.41,5.02,174.28,6.93
2012-W22,2012-06-02,13.5376,400.27,5.1,178.18,6.93
2012-W23,2012-06-09,13.8414,401.43,4.85,184.38,6.39
2012-W24,2012-06-16,14.0449,403.15,4.83,198.26,6.74
2012-W25,2012-06-23,13.7944,399.61,4.7,214.74,5.63
2012-W26,2012-06-30,14.4051,395.16,4.54,216.44,6.73
2012-W27,2012-07-07,14.2955,391.47,4.54,201.41,6.78
2012-W28,2012-07-14,14.2798,384.03,4.51,197.14,6.42
2012-W29,2012-07-21,13.9823,372.13,4.74,198.73,6.93
2012-W30,2012-07-28,14.0997,364.76,4.71,202.99,6.56
2012-W31,2012-08-04,13.5909,366.08,4.78,204.07,6.81
2012-W32,2012-08-11,13.6926,375.28,4.86,204.6,6.81
2012-W33,2012-08-18,13.5596,387.6,5.01,202.0,6.68
2012-W34,2012-08-25,13.3951,392.46,5.06,194.11,7.13
2012-W35,2012-09-01,13.4421,388.72,5.11,182.01,6.87
2012-W36,2012-09-08,13.8727,391.53,5.2,173.51,7.0
2012-W37,2012-09-15,13.4635,396.0,5.52,172.7,6.95
2012-W38,2012-09-22,13.495,402.78,6.22,169.4,6.82
2012-W39,2012-09-29,13.4557,398.31,6.35,174.7,7.22
2012-W40,2012-10-06,13.4871,393.69,6.47,183.55,7.39
2012-W41,2012-10-13,13.4478,395.69,6.65,189.79,7.46
2012-W42,2012-10-20,13.2039,403.33,7.02,194.13,7.44
2012-W43,2012-10-27,12.7396,411.25,6.71,190.21,7.36
2012-W44,2012-11-03,13.495,409.24,5.59,187.9,7.39
2012-W45,2012-11-10,13.1566,405.39,5.22,189.79,7.53
2012-W46,2012-11-17,12.8498,403.99,5.21,182.58,7.39
2012-W47,2012-11-24,13.0701,407.22,5.15,179.59,7.51
2012-W48,2012-12-01,13.0701,411.84,5.11,184.8,7.68
2012-W49,2012-12-08,12.6766,408.69,4.95,188.21,7.53
2012-W50,2012-12-15,13.191,406.19,5.01,184.12,7.51
2012-W51,2012-12-22,13.286,405.9,5.1,182.16,7.72
2012-W52,2012-12-24,13.1356,,,,
2013-W01,2013-01-05,14.2434,408.39,5.38,181.7,8.12
2013-W02,2013-01-12,14.0693,410.12,5.4,183.52,8.22
2013-W03,2013-01-19,14.5283,402.56,5.27,184.34,8.06
2013-W04,2013-01-26,13.9269,394.77,5.2,186.87,8.2
2013-W05,2013-02-02,14.1089,390.9,5.14,188.98,8.46
2013-W06,2013-02-09,13.9744,390.68,5.17,183.15,8.68
2013-W07,2013-02-16,13.5392,388.17,5.2,177.94,8.66
2013-W08,2013-02-23,15.0347,383.13,5.17,179.96,8.81
2013-W09,2013-03-02,15.5016,389.09,5.33,179.23,9.09
2013-W10,2013-03-09,15.5174,405.75,5.6,175.14,9.13
2013-W11,2013-03-16,15.613,407.51,5.72,172.59,9.46
2013-W12,2013-03-23,15.7802,401.85,5.28,171.56,9.65
2013-W13,2013-03-30,16.0747,394.99,5.1,170.28,9.72
2013-W14,2013-04-06,15.9872,401.35,5.18,170.06,9.81
2013-W15,2013-04-13,16.2897,400.62,5.06,177.85,9.43
2013-W16,2013-04-20,15.7881,399.12,5.01,181.9,9.5
2013-W17,2013-04-27,16.7674,399.94,4.95,190.7,9.72
2013-W18,2013-05-04,18.8693,411.95,5.06,192.5,9.36
2013-W19,2013-05-11,19.148,418.48,5.13,194.35,9.46
2013-W20,2013-05-18,19.2674,420.35,5.15,202.58,9.57
2013-W21,2013-05-25,18.9171,423.28,5.18,206.84,9.4
2013-W22,2013-06-01,18.8295,420.49,4.95,208.05,9.8
2013-W23,2013-06-08,19.3709,415.78,4.79,210.34,9.71
2013-W24,2013-06-15,19.5549,409.75,4.86,221.67,9.56
2013-W25,2013-06-22,19.4109,404.87,4.95,234.94,9.57
2013-W26,2013-06-29,20.019,401.48,5.05,241.96,9.7
2013-W27,2013-07-06,20.6511,398.84,5.06,235.07,9.51
2013-W28,2013-07-13,20.179,394.15,5.0,226.95,9.52
2013-W29,2013-07-20,19.5549,388.19,5.02,219.58,9.48
2013-W30,2013-07-27,19.2909,384.91,4.92,218.55,9.39
2013-W31,2013-08-03,20.3391,385.62,4.9,223.89,9.45
2013-W32,2013-08-10,20.019,387.75,4.93,230.91,9.65
2013-W33,2013-08-17,20.211,387.75,5.21,227.85,9.65
2013-W34,2013-08-24,20.307,401.08,5.36,221.74,9.72
2013-W35,2013-08-31,19.883,403.35,5.42,214.54,9.56
2013-W36,2013-09-07,19.835,401.65,5.34,209.66,9.71
2013-W37,2013-09-14,20.5747,398.68,5.33,213.62,9.64
2013-W38,2013-09-21,20.7113,399.06,5.47,217.54,9.69
2013-W39,2013-09-28,20.9365,401.68,5.63,222.62,9.85
2013-W40,2013-09-30,20.848,,,,
2013-W41,2013-10-07,20.7435,,,,
2013-W42,2013-10-14,21.3385,,,,
2013-W43,2013-10-26,22.4319,416.64,6.22,208.23,9.96
2013-W44,2013-11-02,21.8772,427.88,6.53,206.62,9.8
2013-W45,2013-11-09,22.5204,427.2,6.36,207.35,9.85
2013-W46,2013-11-16,22.2229,421.85,5.86,205.35,10.09
2013-W47,2013-11-23,22.4721,419.19,5.7,199.43,10.1
2013-W48,2013-11-30,22.4963,420.33,5.81,196.06,10.21
2013-W49,2013-12-07,22.3355,423.41,5.66,198.59,10.12
2013-W50,2013-12-14,22.2305,421.3,5.51,196.83,9.96
2013-W51,2013-12-21,22.2628,421.3,5.78,197.14,10.3
2013-W52,2013-12-23,22.4404,,,,
2014-W01,2014-01-04,22.4243,424.34,6.26,184.14,10.81
2014-W02,2014-01-11,21.5441,438.72,6.57,184.89,10.82
2014-W03,2014-01-18,20.9869,459.73,7.55,188.19,11.03
2014-W04,2014-01-25,20.0583,482.04,8.08,192.87,11.21
2014-W05,2014-02-01,19.5819,480.61,7.37,198.22,10.95
2014-W06,2014-02-08,19.6868,456.81,6.24,200.88,10.81
2014-W07,2014-02-15,20.6558,442.38,5.9,206.36,10.87
2014-W08,2014-02-22,20.9304,449.48,5.9,212.06,10.82
2014-W09,2014-03-01,21.3584,462.09,6.14,223.76,11.2
2014-W10,2014-03-08,21.0919,485.12,6.49,239.8,11.0
2014-W11,2014-03-15,20.9869,491.22,6.26,263.69,11.01
2014-W12,2014-03-22,21.2956,494.71,5.87,286.29,11.09
2014-W13,2014-03-29,20.9626,493.04,5.54,289.08,10.93
2014-W14,2014-04-05,21.125,486.22,5.44,290.33,10.98
2014-W15,2014-04-12,20.0204,476.72,5.41,279.77,11.29
2014-W16,2014-04-19,20.1666,474.3,5.57,267.83,11.13
2014-W17,2014-04-26,19.8499,479.58,5.85,258.17,10.73
2014-W18,2014-05-03,20.7027,479.38,5.79,253.9,11.01
2014-W19,2014-05-10,19.6955,476.21,5.28,248.2,10.03
2014-W20,2014-05-17,19.7605,475.27,5.57,248.95,10.97
2014-W21,2014-05-24,20.2397,477.69,5.9,253.07,10.93
2014-W22,2014-05-31,20.5321,478.1,5.95,251.86,10.94
2014-W23,2014-06-07,21.4905,476.81,5.98,261.51,11.0
2014-W24,2014-06-14,21.0438,478.79,6.11,268.31,10.98
2014-W25,2014-06-21,21.346,490.84,6.39,276.78,11.29
2014-W26,2014-06-28,21.297,497.29,6.52,290.29,11.4
2014-W27,2014-07-05,21.4767,509.32,6.63,292.34,11.59
2014-W28,2014-07-12,20.717,516.08,6.7,296.69,11.66
2014-W29,2014-07-19,20.6435,512.84,6.68,299.44,11.65
2014-W30,2014-07-26,20.3739,519.18,6.99,292.4,11.8
2014-W31,2014-08-02,20.4719,537.37,7.55,285.41,11.93
2014-W32,2014-08-09,20.9866,534.8,7.48,278.74,12.11
2014-W33,2014-08-16,20.6598,522.9,7.16,255.2,11.97
2014-W34,2014-08-23,21.3052,509.5,6.66,236.59,12.17
2014-W35,2014-08-30,21.7218,504.7,6.89,223.67,12.02
2014-W36,2014-09-06,21.877,508.62,7.06,225.87,12.19
2014-W37,2014-09-13,21.9751,520.26,7.26,232.78,11.98
2014-W38,2014-09-20,22.4844,515.31,7.06,245.28,12.28
2014-W39,2014-09-27,22.6076,502.63,6.97,258.46,12.22
2014-W40,2014-10-04,23.2566,501.95,7.08,268.69,12.31
2014-W41,2014-10-11,22.7144,516.65,7.4,271.83,12.13
2014-W42,2014-10-18,22.6733,526.11,7.66,255.42,12.4
2014-W43,2014-10-25,22.6241,527.43,7.67,224.6,12.44
2014-W44,2014-11-01,23.7166,536.95,7.58,216.72,12.29
2014-W45,2014-11-08,26.1154,533.76,7.33,211.0,12.3
2014-W46,2014-11-15,26.1729,531.76,7.09,209.81,12.46
2014-W47,2014-11-22,25.7622,539.92,7.22,206.54,12.32
2014-W48,2014-11-29,27.1587,546.17,7.28,204.34,12.75
2014-W49,2014-12-06,26.6083,543.97,7.04,204.31,12.17
2014-W50,2014-12-13,26.6658,530.07,6.68,203.3,12.32
2014-W51,2014-12-20,26.9299,515.31,6.58,195.32,12.78
2014-W52,2014-12-27,27.8708,510.97,6.8,192.21,12.23
2015-W01,2015-01-03,27.6479,523.27,6.9,187.73,12.5
2015-W02,2015-01-10,28.7951,537.66,7.13,183.08,12.45
2015-W03,2015-01-17,28.1184,548.26,7.5,184.69,12.21
2015-W04,2015-01-24,28.2834,534.45,7.16,187.68,11.52
2015-W05,2015-01-31,27.7222,517.95,6.61,177.34,11.86
2015-W06,2015-02-07,28.6631,512.07,6.54,165.57,11.59
2015-W07,2015-02-14,28.5475,509.3,6.55,159.83,11.38
2015-W08,2015-02-21,29.9258,513.61,6.75,158.86,11.74
2015-W09,2015-02-28,31.0647,516.12,6.89,154.31,10.43
2015-W10,2015-03-07,29.8515,519.84,7.11,152.13,10.46
2015-W11,2015-03-14,30.6933,520.37,7.1,150.28,11.15
2015-W12,2015-03-21,30.7928,520.45,6.83,150.41,10.19
2015-W13,2015-03-28,30.0549,525.98,6.89,147.44,9.85
2015-W14,2015-04-04,29.8725,535.57,6.89,142.96,9.2
2015-W15,2015-04-11,29.8145,542.89,7.02,144.61,9.91
2015-W16,2015-04-18,29.1678,539.9,7.0,146.89,9.38
2015-W17,2015-04-25,30.1213,535.41,6.99,151.16,9.31
2015-W18,2015-05-02,27.8412,531.39,6.83,158.55,9.74
2015-W19,2015-05-09,28.6123,531.81,6.6,169.95,9.1
2015-W20,2015-05-16,28.7532,541.13,6.64,183.0,9.02
2015-W21,2015-05-23,29.259,541.13,6.57,189.07,9.12
2015-W22,2015-05-30,29.0351,534.71,6.54,189.97,9.03
2015-W23,2015-06-06,30.3202,523.14,6.17,190.7,9.06
2015-W24,2015-06-13,30.5275,512.73,6.42,189.38,9.2
2015-W25,2015-06-20,30.7691,513.28,6.82,186.01,8.64
2015-W26,2015-06-27,31.3854,513.72,6.98,182.82,8.89
2015-W27,2015-07-04,31.3854,509.17,6.86,179.74,8.04
2015-W28,2015-07-11,31.6437,500.85,6.58,179.17,7.84
2015-W29,2015-07-18,31.727,492.8,6.61,181.06,7.64
2015-W30,2015-07-25,31.4937,486.05,6.7,185.44,7.23
2015-W31,2015-08-01,32.8098,481.71,6.77,189.53,8.06
2015-W32,2015-08-08,32.31,485.78,6.81,195.71,8.01
2015-W33,2015-08-15,32.285,500.5,7.13,197.93,7.31
2015-W34,2015-08-22,30.6108,500.37,7.1,194.9,7.27
2015-W35,2015-08-29,30.3609,495.18,7.04,190.21,7.31
2015-W36,2015-09-05,30.5608,486.38,7.0,188.54,7.84
2015-W37,2015-09-12,31.6686,479.38,6.99,187.4,7.64
2015-W38,2015-09-19,31.3507,467.32,6.98,183.77,7.81
2015-W39,2015-09-26,31.8946,443.76,6.68,183.11,7.66
2015-W40,2015-10-03,31.083,419.25,6.38,187.88,7.76
2015-W41,2015-10-10,31.8444,402.05,6.45,192.96,7.81
2015-W42,2015-10-17,30.4722,420.95,6.8,195.34,8.09
2015-W43,2015-10-24,30.1375,441.56,6.92,194.08,8.85
2015-W44,2015-10-31,28.7402,449.02,7.05,181.5,9.07
2015-W45,2015-11-07,28.2633,446.62,7.03,169.2,9.14
2015-W46,2015-11-14,28.3721,436.33,6.61,165.57,9.19
2015-W47,2015-11-21,29.1419,421.01,6.27,161.24,8.99
2015-W48,2015-11-28,29.6941,414.96,6.29,163.88,8.97
2015-W49,2015-12-05,29.2255,416.55,6.3,161.39,9.12
2015-W50,2015-12-12,28.7904,410.45,6.06,161.48,9.35
2015-W51,2015-12-19,28.6895,396.57,5.85,161.85,9.04
2015-W52,2015-12-26,30.0433,395.23,5.9,154.95,8.76
2015-W53,2016-01-02,30.0769,424.49,6.38,152.83,9.07
2016-W01,2016-01-09,29.1184,456.48,7.08,153.87,9.73
2016-W02,2016-01-16,30.3712,463.32,7.28,156.77,9.95
2016-W03,2016-01-23,29.9508,455.62,7.26,163.06,9.25
2016-W04,2016-01-30,30.9682,450.08,7.07,168.01,9.75
2016-W05,2016-02-06,30.2871,452.94,7.01,169.91,9.1
2016-W06,2016-02-13,30.6487,445.46,6.69,168.43,9.03
2016-W07,2016-02-20,30.901,437.38,6.34,167.13,9.38
2016-W08,2016-02-27,35.4247,443.76,6.48,164.85,9.26
2016-W09,2016-03-05,36.0049,451.02,6.3,165.53,9.73
2016-W10,2016-03-12,35.6265,454.85,5.89,167.31,9.13
2016-W11,2016-03-19,35.8714,469.52,6.11,167.86,9.58
2016-W12,2016-03-26,35.1197,465.34,5.85,167.64,10.0
2016-W13,2016-04-02,37.5522,455.84,5.56,168.3,9.6
2016-W14,2016-04-09,37.0539,445.63,5.59,169.91,8.95
2016-W15,2016-04-16,36.6823,452.36,5.85,171.47,9.55
2016-W16,2016-04-23,35.5927,451.09,5.89,176.59,9.49
2016-W17,2016-04-30,34.3933,431.55,5.51,179.94,8.4
2016-W18,2016-05-07,36.7076,415.23,5.18,181.96,9.53
2016-W19,2016-05-14,36.9526,430.08,5.55,182.18,9.56
2016-W20,2016-05-21,37.1722,452.61,5.67,183.7,9.49
2016-W21,2016-05-28,38.1519,444.62,5.46,184.6,9.86
2016-W22,2016-06-04,38.4138,439.08,5.32,188.25,9.95
2016-W23,2016-06-11,38.8108,450.01,5.36,191.71,9.17
2016-W24,2016-06-18,38.4206,448.18,5.49,192.41,9.39
2016-W25,2016-06-25,38.8192,424.36,5.44,195.29,9.54
2016-W26,2016-07-02,38.4715,413.05,5.42,196.22,9.76
2016-W27,2016-07-09,38.5224,420.11,5.48,197.08,9.93
2016-W28,2016-07-16,39.5317,411.03,5.37,198.44,9.94
2016-W29,2016-07-23,40.9735,400.6,5.22,197.67,9.06
2016-W30,2016-07-30,40.049,393.95,5.3,183.68,9.81
2016-W31,2016-08-06,37.8099,397.83,5.37,171.53,9.86
2016-W32,2016-08-13,39.0906,400.95,5.37,167.31,10.44
2016-W33,2016-08-20,38.5648,401.76,5.36,164.12,9.97
2016-W34,2016-08-27,37.7506,397.96,5.36,167.22,10.08
2016-W35,2016-09-03,37.6742,384.96,5.32,170.96,10.17
2016-W36,2016-09-10,36.1476,371.62,5.34,177.8,10.03
2016-W37,2016-09-17,37.2296,362.1,5.54,178.22,9.76
2016-W38,2016-09-24,36.6502,366.61,5.91,174.2,9.31
2016-W39,2016-10-01,33.251,363.4,6.65,166.89,9.24
2016-W40,2016-10-08,32.3565,353.83,6.86,160.07,8.69
2016-W41,2016-10-15,32.8336,348.57,6.8,160.25,9.08
2016-W42,2016-10-22,33.6514,341.9,6.37,160.78,7.87
2016-W43,2016-10-29,33.9837,348.66,6.72,160.93,9.36
2016-W44,2016-11-05,33.038,361.2,6.08,161.83,7.63
2016-W45,2016-11-12,38.3882,358.36,6.6,163.39,9.58
2016-W46,2016-11-19,38.6779,357.19,5.74,161.99,9.48
2016-W47,2016-11-26,40.8673,368.17,5.69,162.03,9.45
2016-W48,2016-12-03,40.501,376.29,5.62,162.62,9.42
2016-W49,2016-12-10,42.7671,377.3,5.38,165.18,9.73
2016-W50,2016-12-17,42.1343,375.45,5.58,168.92,10.03
2016-W51,2016-12-24,42.0146,384.65,6.05,175.69,9.78
2016-W52,2016-12-31,41.2535,394.0,6.44,179.94,9.89
2017-W01,2017-01-07,39.0813,402.73,6.37,175.14,9.17
2017-W02,2017-01-14,40.1589,389.77,5.74,175.41,9.62
2017-W03,2017-01-21,39.6714,391.71,5.78,175.08,9.41
2017-W04,2017-01-28,39.6115,396.26,5.63,179.94,8.8
2017-W05,2017-02-04,39.5089,394.86,5.47,184.18,9.36
2017-W06,2017-02-11,41.1166,388.63,5.25,187.24,9.89
2017-W07,2017-02-18,41.2535,387.68,5.29,187.02,9.7
2017-W08,2017-02-25,36.1054,396.26,5.14,181.46,9.46
2017-W09,2017-03-04,36.5757,415.27,5.26,178.11,9.17
2017-W10,2017-03-11,35.3784,425.61,5.05,179.94,9.58
2017-W11,2017-03-18,37.9485,437.38,5.05,180.51,9.64
2017-W12,2017-03-25,37.4156,444.0,5.09,174.88,9.52
2017-W13,2017-04-01,38.2751,440.42,5.16,168.76,9.12
2017-W14,2017-04-08,38.3181,425.74,5.1,165.29,9.11
2017-W15,2017-04-15,38.0258,424.71,5.22,165.59,9.03
2017-W16,2017-04-22,38.9197,437.03,5.48,165.13,9.52
2017-W17,2017-04-29,40.295,447.48,5.81,162.76,9.83
2017-W18,2017-05-06,43.3205,472.93,6.05,168.01,10.27
2017-W19,2017-05-13,41.2921,494.27,6.34,178.75,10.25
2017-W20,2017-05-20,41.7648,489.15,6.03,189.44,10.42
2017-W21,2017-05-27,41.825,482.02,5.9,197.75,10.7
2017-W22,2017-06-03,43.4839,479.45,5.87,200.18,10.86
2017-W23,2017-06-10,44.4466,490.93,5.92,201.3,10.63
2017-W24,2017-06-17,42.5651,490.58,5.92,208.43,11.2
2017-W25,2017-06-24,43.0225,468.71,5.84,218.77,10.98
2017-W26,2017-07-01,43.9719,442.09,5.64,225.48,10.75
2017-W27,2017-07-08,43.9373,426.89,5.46,229.64,11.32
2017-W28,2017-07-15,43.2124,416.61,5.22,230.63,11.65
2017-W29,2017-07-22,43.618,411.6,5.41,228.65,10.64
2017-W30,2017-07-29,41.167,409.99,5.47,221.72,10.71
2017-W31,2017-08-05,41.7625,404.95,5.52,214.65,11.25
2017-W32,2017-08-12,42.5047,399.72,5.41,210.17,11.82
2017-W33,2017-08-19,41.9265,388.89,5.47,203.1,11.42
2017-W34,2017-08-26,41.1066,376.16,5.65,194.13,10.61
2017-W35,2017-09-02,40.9599,369.4,5.87,186.36,10.94
2017-W36,2017-09-09,40.1918,367.69,6.14,183.57,10.65
2017-W37,2017-09-16,42.7299,365.77,6.44,175.89,10.38
2017-W38,2017-09-23,41.7156,370.46,6.86,165.64,10.28
2017-W39,2017-09-25,42.5998,,,,
2017-W40,2017-10-07,43.4407,,7.13,159.98,10.95
2017-W41,2017-10-14,43.302,383.46,6.92,162.45,10.71
2017-W42,2017-10-21,43.6575,386.8,6.76,164.45,10.67
2017-W43,2017-10-28,44.3596,390.02,6.73,168.76,10.57
2017-W44,2017-11-04,42.149,406.89,6.79,173.62,10.73
2017-W45,2017-11-11,42.5131,424.29,6.7,178.29,10.74
2017-W46,2017-11-18,43.224,419.45,6.25,178.35,10.74
2017-W47,2017-11-25,42.1144,414.48,6.19,180.09,11.08
2017-W48,2017-12-02,43.6228,413.4,6.11,182.6,11.14
2017-W49,2017-12-09,44.611,413.29,5.92,184.07,11.01
2017-W50,2017-12-16,45.3443,405.59,6.01,173.45,11.49
2017-W51,2017-12-23,47.1637,405.46,6.22,168.56,11.56
2017-W52,2017-12-30,45.8579,409.08,6.12,175.81,11.3
2018-W01,2018-01-06,49.7578,417.82,6.52,173.18,11.33
2018-W02,2018-01-13,50.6979,416.88,6.48,174.35,11.49
2018-W03,2018-01-20,50.6979,410.56,6.49,178.13,11.04
2018-W04,2018-01-27,52.1777,416.02,6.61,181.35,11.51
2018-W05,2018-02-03,50.1495,424.91,6.76,181.08,11.69
2018-W06,2018-02-10,47.5467,423.65,6.7,170.3,11.39
2018-W07,2018-02-17,50.4716,423.46,6.65,169.86,11.64
2018-W08,2018-02-24,49.8622,438.0,6.89,173.8,11.89
2018-W09,2018-03-03,49.8622,440.24,6.89,172.81,11.77
2018-W10,2018-03-10,50.7936,442.09,6.96,166.61,12.11
2018-W11,2018-03-17,51.3156,443.72,6.9,161.55,11.47
2018-W12,2018-03-24,48.7367,443.96,6.91,157.08,11.81
2018-W13,2018-03-31,50.5113,435.53,6.88,154.64,11.66
2018-W14,2018-04-07,53.0902,423.28,6.42,153.12,11.53
2018-W15,2018-04-14,53.4661,416.06,6.28,145.84,11.77
2018-W16,2018-04-21,55.3632,418.0,6.25,150.11,12.16
2018-W17,2018-04-28,56.115,429.86,6.3,150.0,12.09
2018-W18,2018-05-05,55.1621,442.51,6.43,152.29,12.31
2018-W19,2018-05-12,54.183,447.28,6.47,158.82,12.59
2018-W20,2018-05-19,51.7527,443.52,6.4,163.5,12.82
2018-W21,2018-05-26,53.1165,430.39,6.11,165.77,12.38
2018-W22,2018-06-02,54.2092,423.9,6.08,168.81,12.7
2018-W23,2018-06-09,55.8352,424.14,6.1,172.68,13.42
2018-W24,2018-06-16,58.064,426.49,6.12,180.36,12.38
2018-W25,2018-06-23,59.8983,415.05,6.17,186.87,13.1
2018-W26,2018-06-30,57.4936,404.43,6.19,192.06,13.01
2018-W27,2018-07-07,58.6257,395.76,6.3,189.35,13.34
2018-W28,2018-07-14,59.4419,401.43,6.37,184.98,13.09
2018-W29,2018-07-21,61.4429,395.45,6.42,181.92,13.3
2018-W30,2018-07-28,59.556,398.97,6.48,171.51,12.28
2018-W31,2018-08-04,55.554,396.29,6.48,161.66,12.77
2018-W32,2018-08-11,55.4663,400.16,6.46,157.67,12.76
2018-W33,2018-08-18,58.0114,400.16,6.51,151.21,12.7
2018-W34,2018-08-25,58.6433,402.93,6.47,144.45,12.49
2018-W35,2018-09-01,60.5126,399.01,6.43,144.56,12.63
2018-W36,2018-09-08,65.9715,393.82,6.37,150.08,12.86
2018-W37,2018-09-15,63.4754,389.8,6.36,155.56,12.9
2018-W38,2018-09-22,62.1457,395.14,6.29,171.64,12.66
2018-W39,2018-09-29,61.0185,395.3,6.22,176.86,12.59
2018-W40,2018-10-06,58.4647,393.76,6.21,176.59,12.82
2018-W41,2018-10-13,57.8834,393.03,6.13,174.17,13.02
2018-W42,2018-10-20,58.2621,395.93,6.39,174.83,12.99
2018-W43,2018-10-27,59.1075,403.15,6.55,170.52,13.25
2018-W44,2018-11-03,54.6868,414.81,6.74,167.95,13.24
2018-W45,2018-11-10,57.3991,416.53,6.66,159.96,12.28
2018-W46,2018-11-17,55.6114,410.37,6.49,152.86,12.94
2018-W47,2018-11-24,56.7827,409.77,6.61,147.64,13.14
2018-W48,2018-12-01,58.1476,413.71,6.43,150.39,11.2
2018-W49,2018-12-08,55.9285,416.37,6.19,157.96,12.83
2018-W50,2018-12-15,54.6692,418.24,6.4,159.9,13.43
2018-W51,2018-12-17,51.0738,,,,
2018-W52,2018-12-29,52.3913,422.73,6.65,155.12,13.18
2019-W01,2019-01-05,52.8954,427.33,6.66,153.91,12.09
2019-W02,2019-01-12,59.2265,425.68,6.52,154.79,13.04
2019-W03,2019-01-19,59.2442,427.55,6.4,154.55,12.63
2019-W04,2019-01-26,55.5127,432.1,6.39,151.4,12.28
2019-W05,2019-02-02,53.7442,431.2,6.29,149.25,12.12
2019-W06,2019-02-09,55.6011,431.95,6.32,145.16,12.42
2019-W07,2019-02-16,57.9886,433.22,6.28,140.95,12.43
2019-W08,2019-02-23,55.3978,434.74,6.03,132.84,12.21
2019-W09,2019-03-02,55.778,438.92,6.0,133.69,12.3
2019-W10,2019-03-09,52.8865,448.6,6.03,139.85,12.47
2019-W11,2019-03-16,53.0647,450.96,6.23,149.42,12.44
2019-W12,2019-03-23,53.8557,451.86,6.17,164.82,12.4
2019-W13,2019-03-30,55.2687,453.62,5.99,178.4,11.88
2019-W14,2019-04-06,55.8464,447.24,5.81,179.61,12.27
2019-W15,2019-04-13,55.4553,448.62,5.68,185.02,12.34
2019-W16,2019-04-20,53.1891,454.94,5.76,191.69,12.12
2019-W17,2019-04-27,53.8823,459.25,5.64,189.97,12.03
2019-W18,2019-05-04,48.6301,451.77,5.61,182.67,12.48
2019-W19,2019-05-11,48.7989,439.25,5.55,187.66,11.82
2019-W20,2019-05-18,48.5767,430.21,4.71,191.44,12.31
2019-W21,2019-05-25,47.3414,426.56,5.75,186.69,12.14
2019-W22,2019-06-01,45.5551,428.19,5.95,184.23,12.11
2019-W23,2019-06-08,49.3055,427.22,5.95,183.9,12.33
2019-W24,2019-06-15,48.4126,425.52,5.99,183.28,11.69
2019-W25,2019-06-22,46.8042,422.42,6.03,174.24,12.57
2019-W26,2019-06-29,47.9568,417.05,6.08,164.96,12.12
2019-W27,2019-07-06,48.7432,416.28,6.11,160.14,12.18
2019-W28,2019-07-13,47.8407,413.78,6.13,158.86,12.6
2019-W29,2019-07-20,48.2785,413.38,6.11,167.33,11.93
2019-W30,2019-07-27,49.9495,408.74,5.75,180.8,11.5
2019-W31,2019-08-03,50.843,415.16,5.63,190.56,11.38
2019-W32,2019-08-10,48.6538,417.58,5.69,195.54,12.55
2019-W33,2019-08-17,45.9464,428.85,6.04,194.83,11.86
2019-W34,2019-08-24,43.7304,430.94,6.39,180.27,11.94
2019-W35,2019-08-31,45.9821,427.24,6.38,162.34,11.27
2019-W36,2019-09-07,47.242,417.43,6.31,161.02,11.44
2019-W37,2019-09-14,48.7582,403.11,6.14,156.22,10.48
2019-W38,2019-09-21,46.314,396.04,6.1,150.99,10.44
2019-W39,2019-09-28,46.934,394.66,6.21,158.66,9.82
2019-W40,2019-10-05,44.337,396.95,6.09,164.41,10.3
2019-W41,2019-10-12,45.4783,403.17,6.11,169.69,10.51
2019-W42,2019-10-19,43.708,410.54,6.22,170.3,10.31
2019-W43,2019-10-26,44.7145,417.36,6.53,167.53,10.69
2019-W44,2019-11-02,51.9841,426.76,6.68,167.16,10.46
2019-W45,2019-11-09,52.8558,438.86,7.3,177.1,9.69
2019-W46,2019-11-16,51.8134,446.23,7.9,192.3,9.76
2019-W47,2019-11-23,51.9841,441.74,7.85,186.98,10.77
2019-W48,2019-11-30,52.0291,437.93,7.91,180.47,10.51
2019-W49,2019-12-07,51.3551,436.46,7.21,179.48,10.08
2019-W50,2019-12-14,51.2231,427.28,6.13,181.21,9.41
2019-W51,2019-12-21,50.6449,419.78,6.02,171.12,9.16
2019-W52,2019-12-28,49.7235,419.56,5.98,166.94,9.34
2020-W01,2020-01-04,50.654,420.6,5.94,162.71,9.76
2020-W02,2020-01-11,50.5636,424.82,5.94,161.17,9.99
2020-W03,2020-01-18,52.2169,428.03,6.03,164.6,9.6
2020-W04,2020-01-25,56.1286,429.9,5.94,171.71,9.24
2020-W05,2020-02-01,56.4629,427.64,5.85,160.6,9.85
2020-W06,2020-02-08,57.4386,421.83,5.75,146.72,9.6
2020-W07,2020-02-15,57.9264,415.32,5.73,140.14,10.46
2020-W08,2020-02-22,64.6116,396.59,5.72,141.37,8.57
2020-W09,2020-02-29,50.7895,409.97,5.77,143.09,9.92
2020-W10,2020-03-07,48.6846,404.51,5.82,146.19,9.51
2020-W11,2020-03-14,40.2138,400.84,5.92,151.25,9.17
2020-W12,2020-03-21,32.6316,434.9,7.18,172.33,8.97
2020-W13,2020-03-28,38.1294,457.49,7.59,174.24,8.52
2020-W14,2020-04-04,32.0946,445.5,7.76,138.34,4.94
2020-W15,2020-04-11,42.7625,416.7,8.24,117.81,4.43
2020-W16,2020-04-18,42.3165,415.18,8.8,120.58,6.41
2020-W17,2020-04-25,41.7521,453.88,10.0,159.92,8.0
2020-W18,2020-05-02,40.8328,535.79,11.08,206.91,9.38
2020-W19,2020-05-09,43.3086,638.33,13.84,250.67,10.93
2020-W20,2020-05-16,41.3971,674.15,13.65,253.26,10.36
2020-W21,2020-05-23,45.8299,627.9,11.72,219.87,9.14
2020-W22,2020-05-30,47.1953,594.9,10.25,200.16,8.53
2020-W23,2020-06-06,55.6968,509.52,6.79,166.34,9.69
2020-W24,2020-06-13,47.3864,438.11,5.66,153.32,9.43
2020-W25,2020-06-19,46.3306,403.61,5.75,142.93,8.38
2020-W26,2020-06-27,45.3566,385.86,5.89,143.75,9.92
2020-W27,2020-07-04,45.7389,376.75,5.92,142.12,9.88
2020-W28,2020-07-11,45.0926,373.19,5.95,145.27,9.51
2020-W29,2020-07-18,47.4683,370.81,5.64,150.15,9.31
2020-W30,2020-07-25,48.5697,371.89,5.52,154.09,8.11
2020-W31,2020-08-01,51.1457,374.84,5.56,150.26,8.48
2020-W32,2020-08-08,55.0323,379.32,5.69,150.5,8.89
2020-W33,2020-08-15,55.7423,389.66,5.9,159.1,9.57
2020-W34,2020-08-22,56.0336,407.84,6.48,164.21,9.75
2020-W35,2020-08-29,58.7552,417.1,6.92,160.8,9.62
2020-W36,2020-09-05,58.4821,410.65,7.11,167.82,9.29
2020-W37,2020-09-12,57.0348,401.13,7.02,177.74,8.94
2020-W38,2020-09-19,56.7253,393.89,7.12,185.53,9.11
2020-W39,2020-09-26,54.6136,397.28,7.17,198.46,9.5
2020-W40,2020-10-03,58.4548,399.94,7.7,204.29,9.45
2020-W41,2020-10-10,64.0254,400.58,7.67,208.08,8.27
2020-W42,2020-10-17,67.2385,397.85,7.2,214.46,9.02
2020-W43,2020-10-24,65.8549,392.17,6.79,213.51,9.19
2020-W44,2020-10-31,63.7432,386.58,6.54,192.1,9.03
2020-W45,2020-11-07,65.6365,391.86,6.79,184.8,9.2
2020-W46,2020-11-14,66.392,408.83,7.59,182.62,8.77
2020-W47,2020-11-21,67.2749,425.22,8.22,173.71,9.24
2020-W48,2020-11-28,68.5219,435.75,8.82,172.52,8.99
2020-W49,2020-12-05,72.6998,433.71,8.24,172.33,9.82
2020-W50,2020-12-12,71.1524,408.47,6.48,172.37,8.67
2020-W51,2020-12-19,72.7544,391.05,6.08,163.11,10.22
2020-W52,2020-12-26,72.7817,391.07,6.68,153.89,8.6
2020-W53,2021-01-02,71.1434,397.43,6.85,162.49,8.26
2021-W01,2021-01-09,73.0457,396.7,7.14,173.29,9.32
2021-W02,2021-01-16,73.3825,400.0,7.49,176.57,9.21
2021-W03,2021-01-23,72.5542,406.82,7.9,175.14,9.13
2021-W04,2021-01-30,69.3684,419.23,8.15,181.72,8.31
2021-W05,2021-02-06,80.6461,428.98,8.34,182.16,8.96
2021-W06,2021-02-13,78.68,429.86,8.31,191.11,8.76
2021-W07,2021-02-20,80.0181,433.38,8.35,199.08,10.07
2021-W08,2021-02-27,82.7214,437.01,8.2,205.02,9.2
2021-W09,2021-03-06,85.0152,430.89,7.7,205.61,9.76
2021-W10,2021-03-13,88.9838,421.96,7.57,214.48,9.2
2021-W11,2021-03-20,87.1178,421.39,7.26,226.14,10.41
2021-W12,2021-03-27,88.9929,430.98,7.28,235.97,10.65
2021-W13,2021-04-03,87.6367,446.97,7.38,238.5,10.86
2021-W14,2021-04-10,90.5312,473.04,7.55,243.56,10.84
2021-W15,2021-04-17,90.0488,486.0,7.61,245.59,11.22
2021-W16,2021-04-24,91.3504,493.04,7.5,250.54,10.27
2021-W17,2021-05-01,97.4125,502.57,7.54,240.33,10.85
2021-W18,2021-05-08,95.2371,512.82,7.81,247.46,10.86
2021-W19,2021-05-15,89.7029,525.03,7.88,251.83,11.79
2021-W20,2021-05-21,88.3005,535.99,7.96,259.91,12.12
2021-W21,2021-05-29,92.0383,543.71,8.05,274.41,11.91
2021-W22,2021-06-05,89.3058,553.37,8.3,286.84,12.38
2021-W23,2021-06-12,90.1283,553.26,8.16,295.09,12.63
2021-W24,2021-06-19,82.7075,545.64,8.03,271.57,12.48
2021-W25,2021-06-26,89.251,531.89,7.85,246.16,12.61
2021-W26,2021-07-03,87.5968,510.36,7.77,252.56,12.69
2021-W27,2021-07-10,88.2457,499.77,7.78,254.47,12.58
2021-W28,2021-07-17,86.2442,485.74,7.24,261.67,13.26
2021-W29,2021-07-24,89.6531,476.81,8.03,267.94,13.69
2021-W30,2021-07-31,84.2337,482.42,8.55,272.43,13.61
2021-W31,2021-08-07,83.8133,500.68,9.38,275.51,14.43
2021-W32,2021-08-14,81.3001,526.57,10.11,270.89,14.82
2021-W33,2021-08-21,82.479,557.99,11.02,263.45,15.62
2021-W34,2021-08-28,87.2861,568.48,10.89,249.7,15.84
2021-W35,2021-09-04,85.5588,561.59,10.56,238.79,16.07
2021-W36,2021-09-11,84.384,552.13,9.99,236.43,15.43
2021-W37,2021-09-18,83.8517,538.01,9.5,230.3,15.56
2021-W38,2021-09-25,86.9355,523.8,9.18,232.17,15.74
2021-W39,2021-10-02,87.3577,509.63,8.34,248.53,15.78
2021-W40,2021-10-09,85.1458,494.58,8.1,243.17,15.68
2021-W41,2021-10-16,81.805,489.1,7.95,229.94,15.8
2021-W42,2021-10-23,82.2455,490.12,8.09,217.12,15.67
2021-W43,2021-10-30,81.5112,496.34,8.2,208.08,15.38
2021-W44,2021-11-06,87.8809,503.43,8.3,211.71,15.4
2021-W45,2021-11-13,83.5121,505.23,8.23,206.14,15.4
2021-W46,2021-11-20,82.3556,502.63,7.92,196.13,15.57
2021-W47,2021-11-27,78.4458,507.21,7.76,187.07,15.82
2021-W48,2021-12-04,75.7198,509.65,7.56,187.55,15.5
2021-W49,2021-12-11,81.1756,506.09,7.14,188.5,15.1
2021-W50,2021-12-18,77.2201,497.53,7.07,192.57,15.42
2021-W51,2021-12-25,81.8671,495.88,7.47,191.16,15.66
2021-W52,2022-01-01,82.3189,499.29,7.66,191.88,15.72
2022-W01,2022-01-08,83.1856,504.68,7.92,190.45,15.87
2022-W02,2022-01-15,80.4841,515.97,8.58,192.21,15.9
2022-W03,2022-01-22,73.0986,526.35,9.03,202.47,15.4
2022-W04,2022-01-29,77.2201,526.55,9.08,210.01,16.15
2022-W05,2022-02-05,81.821,520.48,8.64,210.56,15.16
2022-W06,2022-02-12,83.4714,514.76,8.15,225.17,15.61
2022-W07,2022-02-19,82.4572,510.03,7.25,241.19,14.72
2022-W08,2022-02-26,86.0347,457.75,7.13,244.38,15.06
2022-W09,2022-03-05,77.2201,496.41,6.71,237.29,14.76
2022-W10,2022-03-12,73.1284,490.62,6.67,231.68,14.48
2022-W11,2022-03-19,77.6293,493.15,6.66,230.05,13.52
2022-W12,2022-03-26,75.699,497.99,6.59,234.34,15.09
2022-W13,2022-04-02,75.8382,503.87,6.28,231.62,14.41
2022-W14,2022-04-09,75.5413,508.53,6.19,229.06,14.01
2022-W15,2022-04-16,75.9496,513.5,6.1,238.08,14.1
2022-W16,2022-04-23,76.9055,514.49,5.95,240.5,13.67
2022-W17,2022-04-30,76.4043,509.52,5.61,231.4,12.86
2022-W18,2022-05-07,77.8706,505.41,5.7,231.86,14.11
2022-W19,2022-05-14,72.8871,501.97,5.7,221.69,12.54
2022-W20,2022-05-21,66.2332,504.94,5.99,227.85,13.29
2022-W21,2022-05-28,74.539,505.14,6.16,236.13,13.39
2022-W22,2022-06-04,74.372,506.4,6.43,241.52,13.77
2022-W23,2022-06-11,72.6507,512.25,6.58,237.31,13.35
2022-W24,2022-06-18,67.3867,513.79,6.66,242.79,13.66
2022-W25,2022-06-25,71.8201,514.14,6.8,244.57,13.15
2022-W26,2022-07-02,70.2707,516.6,6.99,237.18,12.92
2022-W27,2022-07-09,73.1548,517.57,7.13,249.06,14.06
2022-W28,2022-07-16,76.1601,517.44,7.53,260.26,13.76
2022-W29,2022-07-23,78.2228,515.02,7.81,273.37,12.94
2022-W30,2022-07-30,81.4054,511.68,7.68,280.5,13.05
2022-W31,2022-08-06,82.4974,510.55,7.7,278.98,14.13
2022-W32,2022-08-13,87.8081,510.36,7.35,271.35,13.15
2022-W33,2022-08-20,85.7921,515.02,7.13,264.7,13.73
2022-W34,2022-08-27,84.2988,515.11,6.79,233.44,14.13
2022-W35,2022-09-03,81.6388,508.24,6.89,225.3,13.36
2022-W36,2022-09-10,85.5513,504.35,6.88,227.04,13.06
2022-W37,2022-09-17,84.9133,498.06,6.73,233.02,13.2
2022-W38,2022-09-24,79.1711,494.45,6.82,227.04,12.77
2022-W39,2022-10-01,81.8733,492.65,7.08,218.97,12.65
2022-W40,2022-10-08,81.8733,493.37,7.52,220.2,13.04
2022-W41,2022-10-15,86.9493,494.69,7.85,225.9,12.87
2022-W42,2022-10-22,89.5671,503.73,8.84,225.41,13.91
2022-W43,2022-10-29,92.6165,518.17,9.87,219.1,13.09
2022-W44,2022-11-05,92.8042,523.82,10.27,214.04,12.83
2022-W45,2022-11-12,90.1864,523.84,9.97,211.53,11.05
2022-W46,2022-11-19,91.9222,517.57,9.42,207.66,9.76
2022-W47,2022-11-26,93.0763,515.22,7.72,198.15,10.31
2022-W48,2022-12-03,92.1661,518.98,7.21,192.72,11.24
2022-W49,2022-12-10,92.343,511.81,6.71,190.63,11.23
2022-W50,2022-12-17,91.1552,522.57,7.35,191.53,10.42
2022-W51,2022-12-24,90.7969,533.68,7.77,189.93,11.89
2022-W52,2022-12-31,85.7438,548.9,8.05,195.45,11.21
2023-W01,2023-01-07,88.1666,556.03,8.4,187.09,11.25
2023-W02,2023-01-14,95.1902,559.17,8.22,178.53,10.64
2023-W03,2023-01-21,93.1067,546.83,7.38,174.02,11.07
2023-W04,2023-01-28,93.2952,538.56,7.58,175.91,10.39
2023-W05,2023-02-04,96.246,537.48,7.21,176.02,11.03
2023-W06,2023-02-11,95.1431,541.51,7.24,176.4,11.04
2023-W07,2023-02-18,98.3484,554.47,8.01,180.27,11.21
2023-W08,2023-02-25,97.877,569.07,8.33,187.07,10.95
2023-W09,2023-03-04,97.7922,575.5,8.16,187.95,11.75
2023-W10,2023-03-11,96.2986,573.98,8.07,192.81,11.2
2023-W11,2023-03-18,99.8147,573.01,8.01,188.76,11.22
2023-W12,2023-03-25,98.6585,567.6,7.91,177.91,11.5
2023-W13,2023-04-01,102.4115,569.43,7.97,174.92,11.46
2023-W14,2023-04-08,104.2596,585.71,8.14,170.85,12.05
2023-W15,2023-04-15,104.1458,606.1,8.35,169.99,12.42
2023-W16,2023-04-22,104.2311,622.67,8.51,172.46,12.85
2023-W17,2023-04-29,104.8377,623.04,8.24,174.06,12.95
2023-W18,2023-05-06,102.6484,618.9,7.68,178.02,12.83
2023-W19,2023-05-13,100.0232,613.14,7.58,181.46,13.1
2023-W20,2023-05-20,107.6809,607.44,7.36,184.05,13.44
2023-W21,2023-05-27,104.8472,611.51,7.61,181.52,12.87
2023-W22,2023-06-03,105.7191,621.08,7.99,186.65,13.34
2023-W23,2023-06-10,102.9211,651.38,8.84,190.63,14.12
2023-W24,2023-06-17,104.7403,674.5,9.02,198.29,14.14
2023-W25,2023-06-24,103.6354,659.91,8.45,211.46,14.15
2023-W26,2023-07-01,106.9404,652.76,8.49,221.83,13.89
2023-W27,2023-07-08,105.4165,643.94,8.21,236.3,14.55
2023-W28,2023-07-15,108.5881,632.02,8.02,245.1,14.18
2023-W29,2023-07-22,110.3692,629.0,7.98,250.07,14.39
2023-W30,2023-07-29,104.3974,631.33,8.15,251.33,14.28
2023-W31,2023-08-05,103.9307,627.07,8.05,252.3,14.45
2023-W32,2023-08-12,102.8735,628.76,8.32,246.22,14.31
2023-W33,2023-08-19,99.7113,636.94,8.71,237.14,14.6
2023-W34,2023-08-26,99.4828,641.59,8.89,223.52,14.95
2023-W35,2023-09-02,99.7685,636.61,8.88,205.46,14.64
2023-W36,2023-09-09,96.762,633.67,8.82,214.06,14.41
2023-W37,2023-09-16,96.9248,626.67,8.73,218.35,14.58
2023-W38,2023-09-23,91.5534,625.33,8.79,218.81,14.8
2023-W39,2023-09-30,92.013,624.16,9.09,215.18,14.37
2023-W40,2023-10-07,91.4002,621.04,9.18,208.34,14.67
2023-W41,2023-10-14,88.3171,622.84,9.44,203.79,14.36
2023-W42,2023-10-21,92.0992,629.9,10.08,195.27,14.35
2023-W43,2023-10-28,93.5545,633.34,10.4,191.33,14.16
2023-W44,2023-11-04,99.8451,628.8,9.74,191.64,14.14
2023-W45,2023-11-11,99.7589,623.63,8.94,194.61,14.41
2023-W46,2023-11-18,106.0687,610.63,8.52,191.51,12.74
2023-W47,2023-11-25,107.8208,608.32,8.48,187.09,14.24
2023-W48,2023-12-02,109.6209,606.87,8.39,186.96,13.82
2023-W49,2023-12-09,109.2172,595.96,8.18,185.39,14.4
2023-W50,2023-12-16,111.6128,590.96,8.04,185.86,14.34
2023-W51,2023-12-23,116.5195,590.96,8.07,181.26,13.77
2023-W52,2023-12-30,117.597,593.08,8.39,182.6,14.79
2024-W01,2024-01-06,113.816,584.14,8.39,185.13,14.29
2024-W02,2024-01-13,112.3536,590.11,8.62,187.81,12.92
2024-W03,2024-01-20,114.2778,602.4,9.64,193.64,14.87
2024-W04,2024-01-27,118.1647,607.09,10.12,196.02,13.5
2024-W05,2024-02-03,125.5536,608.28,9.86,194.55,14.35
2024-W06,2024-02-10,129.6232,609.0,9.66,189.27,13.78
2024-W07,2024-02-17,142.1016,615.01,9.34,194.46,13.73
2024-W08,2024-02-24,143.2561,618.95,9.63,202.16,13.42
2024-W09,2024-03-02,143.9296,626.78,9.79,201.45,13.91
2024-W10,2024-03-09,142.7366,629.95,9.27,201.96,13.89
2024-W11,2024-03-16,147.094,638.29,9.23,204.45,14.17
2024-W12,2024-03-23,147.5094,642.86,9.16,204.23,13.94
2024-W13,2024-03-30,149.229,642.64,8.76,208.25,14.08
2024-W14,2024-04-06,144.901,629.22,8.36,213.2,14.05
2024-W15,2024-04-13,143.5872,626.08,8.41,221.67,14.26
2024-W16,2024-04-20,145.6159,619.06,8.09,221.21,14.34
2024-W17,2024-04-27,152.1176,617.96,7.99,216.04,14.39
2024-W18,2024-05-04,158.059,618.62,7.89,216.37,14.1
2024-W19,2024-05-11,161.5465,622.82,7.65,217.4,13.81
2024-W20,2024-05-18,163.8843,634.66,8.13,222.97,14.54
2024-W21,2024-05-25,163.0245,643.52,8.39,220.15,14.52
2024-W22,2024-06-01,166.8115,648.87,8.12,225.7,14.49
2024-W23,2024-06-08,162.2323,652.08,8.0,221.8,14.6
2024-W24,2024-06-15,162.3334,649.92,7.93,220.64,14.28
2024-W25,2024-06-22,165.2227,660.75,8.06,216.26,14.72
2024-W26,2024-06-29,166.4831,667.26,8.22,211.84,14.35
2024-W27,2024-07-06,165.4845,677.25,8.34,208.05,14.53
2024-W28,2024-07-13,163.9332,670.19,8.18,210.87,14.85
2024-W29,2024-07-20,166.2213,661.32,7.93,220.4,14.52
2024-W30,2024-07-27,164.224,654.26,7.86,230.52,14.38
2024-W31,2024-08-03,161.073,658.57,8.03,232.08,14.53
2024-W32,2024-08-10,162.4594,656.94,8.27,221.08,14.38
2024-W33,2024-08-17,162.1686,652.81,8.44,219.32,14.37
2024-W34,2024-08-24,163.4581,626.91,8.48,213.25,14.73
2024-W35,2024-08-31,163.6132,635.76,9.0,210.96,14.8
2024-W36,2024-09-07,157.4607,632.83,9.56,211.79,14.45
2024-W37,2024-09-14,159.514,626.23,9.82,207.46,14.69
2024-W38,2024-09-21,165.1483,620.07,10.14,207.94,14.43
2024-W39,2024-09-28,170.1989,621.85,10.67,207.94,14.51
2024-W40,2024-10-05,173.8481,626.56,11.05,209.57,14.7
2024-W41,2024-10-12,170.9773,636.53,11.91,209.18,14.64
2024-W42,2024-10-19,178.9472,646.82,12.84,209.97,14.82
2024-W43,2024-10-26,182.3434,653.18,12.87,215.95,14.64
2024-W44,2024-11-02,182.4796,653.16,12.23,225.17,13.82
2024-W45,2024-11-09,192.4541,645.74,9.37,223.5,14.43
2024-W46,2024-11-16,192.6682,634.92,8.73,214.54,14.19
2024-W47,2024-11-23,189.6613,633.62,8.64,207.33,14.16
2024-W48,2024-11-30,199.7525,641.21,8.74,200.05,14.49
2024-W49,2024-12-07,191.2767,647.17,8.68,198.73,14.28
2024-W50,2024-12-14,182.4156,649.07,8.92,205.28,14.48
2024-W51,2024-12-21,177.066,660.0,9.2,211.11,14.41
2024-W52,2024-12-28,177.5346,662.57,9.41,209.29,14.14
2025-W01,2025-01-04,178.5889,669.57,10.13,199.91,14.85
2025-W02,2025-01-11,173.8835,680.2,11.11,197.38,14.92
2025-W03,2025-01-18,174.6938,688.91,11.09,198.99,14.96
2025-W04,2025-01-25,174.3033,690.36,10.55,200.97,15.02
2025-W05,2025-02-01,176.7926,697.88,10.42,205.48,14.82
2025-W06,2025-02-08,171.7749,693.42,9.93,209.02,14.93
2025-W07,2025-02-15,167.6162,679.49,9.07,220.37,14.59
2025-W08,2025-02-22,165.1073,666.38,8.6,214.96,14.53
2025-W09,2025-03-01,179.7115,657.76,8.35,215.64,14.73
2025-W10,2025-03-08,174.7719,658.57,8.19,215.12,14.24
2025-W11,2025-03-15,168.3875,669.39,8.56,213.42,14.75
2025-W12,2025-03-22,166.498,684.9,8.61,211.73,14.78
2025-W13,2025-03-29,167.6447,705.61,9.01,212.06,14.58
2025-W14,2025-04-05,156.6774,711.61,8.58,209.77,14.08
2025-W15,2025-04-12,156.9813,706.86,8.02,203.79,13.96
2025-W16,2025-04-19,158.667,700.57,7.99,205.19,13.68
2025-W17,2025-04-26,158.422,705.23,7.98,211.27,14.26
2025-W18,2025-05-03,168.3699,727.34,8.33,213.69,14.26
2025-W19,2025-05-10,177.2104,735.26,8.27,211.31,13.99
2025-W20,2025-05-17,189.0793,747.32,8.51,215.82,14.54
2025-W21,2025-05-24,186.2076,760.56,8.98,221.5,14.79
2025-W22,2025-05-31,191.3237,761.93,9.13,229.88,14.1
2025-W23,2025-06-07,191.9747,776.4,8.98,237.2,13.61
2025-W24,2025-06-14,179.2872,793.83,9.33,249.39,13.53
2025-W25,2025-06-21,189.8404,812.88,10.09,263.45,13.3
2025-W26,2025-06-28,184.6474,813.01,9.99,265.58,14.02
2025-W27,2025-07-05,186.3391,802.89,9.97,246.75,12.64
2025-W28,2025-07-12,184.9916,798.53,9.75,248.69,12.97
2025-W29,2025-07-19,181.0477,796.2,8.86,253.75,13.74
2025-W30,2025-07-26,185.0408,792.7,9.31,260.17,13.89
2025-W31,2025-08-02,179.956,787.47,9.52,255.68,13.25
2025-W32,2025-08-09,169.9928,803.07,10.55,257.33,13.26
2025-W33,2025-08-16,169.9928,821.33,11.99,256.01,13.95
2025-W34,2025-08-23,174.4089,838.88,13.5,249.59,13.49
2025-W35,2025-08-30,169.7076,849.6,14.27,248.47,14.1
2025-W36,2025-09-06,166.7256,850.17,15.08,251.92,13.18
2025-W37,2025-09-13,164.5928,838.49,14.91,252.1,13.2
2025-W38,2025-09-20,156.2491,814.44,13.07,246.99,13.71
2025-W39,2025-09-27,160.4851,797.46,11.35,247.32,13.17
2025-W40,2025-10-04,164.3953,778.95,10.05,240.48,12.26
2025-W41,2025-10-11,161.2751,774.71,9.98,230.67,13.37
2025-W42,2025-10-18,175.247,779.5,9.89,226.25,13.82
2025-W43,2025-10-25,173.3314,796.29,10.3,222.13,13.58
2025-W44,2025-11-01,161.5219,796.4,10.33,221.56,13.05
2025-W45,2025-11-08,162.9536,787.73,9.97,217.58,12.21
2025-W46,2025-11-15,165.2445,779.7,9.46,213.93,12.31
2025-W47,2025-11-22,171.248,766.33,9.56,206.45,12.83
2025-W48,2025-11-29,173.0451,750.86,9.55,205.99,12.9
2025-W49,2025-12-06,164.8339,743.42,9.54,208.01,11.88
2025-W50,2025-12-13,166.7869,750.99,9.97,213.95,12.57
2025-W51,2025-12-20,174.2518,763.97,10.72,216.96,13.01
2025-W52,2025-12-27,169.2752,761.0,11.84,212.56,12.41
2026-W01,2026-01-03,169.8799,754.95,12.51,208.12,12.92
2026-W02,2026-01-10,181.5681,762.7,13.53,202.62,12.46
2026-W03,2026-01-17,192.8102,767.71,14.29,203.9,12.85
2026-W04,2026-01-24,189.0033,778.36,14.29,207.68,12.83
2026-W05,2026-01-31,178.3065,784.17,13.56,209.29,13.01
2026-W06,2026-02-07,189.3205,791.38,12.45,209.04,12.95
2026-W07,2026-02-14,179.3375,793.52,11.4,209.37,13.11
2026-W08,2026-02-21,177.2755,797.81,10.57,211.29,12.91
2026-W09,2026-02-28,181.2905,813.82,11.01,214.32,13.02
2026-W10,2026-03-07,170.0584,814.59,11.26,216.96,13.39
2026-W11,2026-03-14,168.7696,818.95,11.45,219.69,13.76
2026-W12,2026-03-21,170.1593,818.47,11.43,218.42,13.9
2026-W13,2026-03-28,159.4951,814.09,10.87,213.36,13.62
2026-W14,2026-04-04,162.2831,811.43,10.63,213.64,13.74
2026-W15,2026-04-11,162.9901,812.72,10.45,215.53,12.22
2026-W16,2026-04-18,164.3741,815.41,10.3,215.05,13.45
2026-W17,2026-04-25,159.0968,818.09,10.35,218.02,13.88
2026-W18,2026-05-02,157.6132,827.4,10.64,215.18,13.92
2026-W19,2026-05-09,176.6215,837.03,10.81,211.9,14.08
2026-W20,2026-05-16,177.209,843.5,11.0,212.37,13.94
2026-W21,2026-05-23,176.8107,851.91,11.01,212.34,14.42
2026-W22,2026-05-30,179.8477,848.01,9.89,217.67,14.66
2026-W23,2026-06-06,170.46,844.67,10.59,219.19,14.49
2026-W24,2026-06-13,167.86,842.45,10.55,212.19,14.83
2026-W25,2026-06-20,177.75,843.35,10.52,210.3,14.54
2026-W26,2026-06-27,196.59,852.76,10.57,209.35,14.78
2026-W27,2026-07-04,194.28,844.95,10.46,211.71,15.0
2026-W28,2026-07-11,189.5,830.76,10.34,216.68,15.21
2026-W29,2026-07-13,197.03,,,,
2026-W30,2026-07-22,194.31,,,,
