date,close,adj_close,volume
2009-11-30,10.6900,8.1077,5000800
2009-12-07,10.8300,8.2139,2435700
2009-12-14,11.3900,8.6386,3619700
2009-12-21,11.8300,8.9723,1643500
2009-12-28,11.2300,8.5173,1435800
2010-01-04,10.9800,8.3277,5654200
2010-01-11,11.2700,8.5476,6357800
2010-01-18,11.8100,8.9572,4472100
2010-01-25,11.6300,8.8207,5166100
2010-02-01,12.1800,9.2378,5905000
2010-02-08,12.5800,9.5412,4165500
2010-02-15,13.0600,9.9052,3674900
2010-02-22,13.4300,10.1858,8791400
2010-03-01,14.1300,10.7167,6283600
2010-03-08,14.1500,10.7319,6834600
2010-03-15,14.0500,10.6561,4678800
2010-03-22,14.0600,10.6637,3559700
2010-03-29,13.9200,10.5575,1703800
2010-04-05,15.0200,11.3918,4714300
2010-04-12,15.4200,11.6951,3712800
2010-04-19,15.9600,12.1047,3978700
2010-04-26,14.7800,11.2097,6572600
2010-05-03,13.6600,10.3603,5836500
2010-05-10,14.7600,11.1946,4068200
2010-05-17,13.9300,10.5651,4555500
2010-05-24,14.6000,11.0732,4693900
2010-05-31,14.2500,10.8078,3875300
2010-06-07,13.9700,10.5954,3446700
2010-06-14,14.7100,11.1566,2291900
2010-06-21,13.3400,10.1176,4462700
2010-06-28,12.5000,9.4805,4005700
2010-07-05,12.8500,9.7459,2422600
2010-07-12,12.6200,9.5715,2720500
2010-07-19,13.6400,10.3451,2901900
2010-07-26,13.4800,10.2238,2579400
2010-08-02,14.2100,10.7774,6304000
2010-08-09,13.1100,9.9431,2571500
2010-08-16,13.3000,10.0872,2475100
2010-08-23,13.6200,10.3299,2204900
2010-08-30,14.6000,11.0732,2900700
2010-09-06,14.1600,10.7395,1506100
2010-09-13,14.2400,10.8002,3762700
2010-09-20,14.0300,10.6409,3185800
2010-09-27,14.1700,10.7471,3391600
2010-10-04,15.0200,11.3918,4373600
2010-10-11,15.3400,11.6345,5314700
2010-10-18,15.8000,11.9833,3569500
2010-10-25,15.3900,11.6724,2404700
2010-11-01,16.0600,12.1805,5322900
2010-11-08,15.9400,12.0895,5305400
2010-11-15,16.2600,12.3322,3924200
2010-11-22,17.0300,12.9162,2811700
2010-11-29,17.8000,13.5002,4701800
2010-12-06,18.0600,13.6974,2569600
2010-12-13,17.7000,13.4244,3581300
2010-12-20,17.4600,13.2424,2417100
2010-12-27,17.1700,13.0224,1644500
2011-01-03,17.3600,13.1665,3110100
2011-01-10,18.4500,13.9932,3349000
2011-01-17,17.5500,13.3106,2186100
2011-01-24,16.8100,12.7494,5114600
2011-01-31,17.6100,13.3561,5099900
2011-02-07,18.1600,13.7733,2718700
2011-02-14,18.3300,13.9022,2816600
2011-02-21,17.0400,12.9238,4421400
2011-02-28,16.9300,12.8404,6016100
2011-03-07,16.8000,12.7418,5318800
2011-03-14,16.1200,12.2845,2804200
2011-03-21,16.4000,12.4979,2925900
2011-03-28,17.0500,12.9933,4108600
2011-04-04,16.3800,12.4827,2539000
2011-04-11,16.5900,12.6427,3699900
2011-04-18,16.3900,12.4903,1547700
2011-04-25,16.2700,12.3989,3176700
2011-05-02,16.0600,12.2388,8362700
2011-05-09,16.5100,12.5818,3383800
2011-05-16,16.6000,12.6503,3052100
2011-05-23,16.9000,12.8790,2997400
2011-05-30,16.4000,12.4979,3588500
2011-06-06,15.9600,12.1626,4663000
2011-06-13,15.8500,12.1396,4367000
2011-06-20,17.3600,13.2962,5962100
2011-06-27,18.0500,13.8246,4043900
2011-07-04,18.2800,14.0008,2622000
2011-07-11,17.9600,13.7557,2218000
2011-07-18,17.5900,13.4723,2465800
2011-07-25,16.5200,12.6528,2780700
2011-08-01,15.0600,11.5346,9378000
2011-08-08,14.4900,11.0980,7478400
2011-08-15,13.1100,10.0410,4936900
2011-08-22,13.4600,10.3091,6680700
2011-08-29,13.6500,10.4546,6201500
2011-09-05,13.3700,10.2402,4729800
2011-09-12,14.3800,11.0800,4876400
2011-09-19,13.9000,10.7102,5554200
2011-09-26,13.2200,10.1862,7152800
2011-10-03,12.9000,9.9397,8861100
2011-10-10,13.9200,10.7256,5779500
2011-10-17,13.6100,10.4867,6074000
2011-10-24,14.5800,11.2342,4125900
2011-10-31,14.3600,11.0646,7329200
2011-11-07,14.2500,10.9799,3467600
2011-11-14,13.3400,10.2787,3391600
2011-11-21,12.3900,9.5467,2822100
2011-11-28,14.0700,10.8412,6098700
2011-12-05,14.7100,11.3343,6609000
2011-12-12,14.2100,11.0089,3463100
2011-12-19,15.0300,11.6442,3679400
2011-12-26,14.9000,11.5435,1635000
2012-01-02,15.2400,11.8069,3308700
2012-01-09,15.3000,11.8534,2337600
2012-01-16,15.6500,12.1245,3502500
2012-01-23,15.4100,11.9386,3395700
2012-01-30,15.9900,12.3880,4010400
2012-02-06,15.8500,12.2795,2537100
2012-02-13,16.4000,12.7056,3728900
2012-02-20,16.8200,13.0310,7868400
2012-02-27,16.3500,12.6669,4832000
2012-03-05,16.7400,12.9690,3530500
2012-03-12,16.7100,13.0157,3078600
2012-03-19,16.6200,12.9456,3018500
2012-03-26,16.6400,12.9612,5126700
2012-04-02,16.4100,12.7821,2147800
2012-04-09,16.5900,12.9223,2756600
2012-04-16,16.3600,12.7431,2861700
2012-04-23,17.2700,13.4519,4945700
2012-04-30,18.4700,14.3866,7439700
2012-05-07,18.4900,14.4022,5389600
2012-05-14,17.3100,13.4831,3690100
2012-05-21,18.0300,14.0439,3474000
2012-05-28,17.3800,13.5376,3063500
2012-06-04,17.7700,13.8414,4530800
2012-06-11,17.9400,14.0449,4500900
2012-06-18,17.6200,13.7944,3244900
2012-06-25,18.4000,14.4051,3109600
2012-07-02,18.2600,14.2955,2299300
2012-07-09,18.2400,14.2798,2963400
2012-07-16,17.8600,13.9823,3232400
2012-07-23,18.0100,14.0997,3405400
2012-07-30,17.3600,13.5909,7637200
2012-08-06,17.4900,13.6926,2479900
2012-08-13,17.3200,13.5596,3272800
2012-08-20,17.1100,13.3951,4510400
2012-08-27,17.1700,13.4421,2034600
2012-09-03,17.7200,13.8727,3323000
2012-09-10,17.1100,13.4635,3766800
2012-09-17,17.1500,13.4950,4431700
2012-09-24,17.1000,13.4557,3466000
2012-10-01,17.1400,13.4871,4299800
2012-10-08,17.0900,13.4478,2741200
2012-10-15,16.7800,13.2039,2726000
2012-10-22,16.1900,12.7396,4696500
2012-10-29,17.1500,13.4950,4878500
2012-11-05,16.7200,13.1566,3931300
2012-11-12,16.3300,12.8498,2880800
2012-11-19,16.6100,13.0701,1774800
2012-11-26,16.6100,13.0701,3039100
2012-12-03,16.1100,12.6767,4735600
2012-12-10,16.6700,13.1910,3052500
2012-12-17,16.7900,13.2860,3632600
2012-12-24,16.6000,13.1356,1643000
2012-12-31,18.0000,14.2434,3232300
2013-01-07,17.7800,14.0693,4135300
2013-01-14,18.3600,14.5283,4067000
2013-01-21,17.6000,13.9269,3824300
2013-01-28,17.8300,14.1089,3768100
2013-02-04,17.6600,13.9744,2859100
2013-02-11,17.1100,13.5392,4534900
2013-02-18,19.0000,15.0347,10160600
2013-02-25,19.5900,15.5016,6732000
2013-03-04,19.6100,15.5174,6050700
2013-03-11,19.6100,15.6130,4008300
2013-03-18,19.8200,15.7802,2997600
2013-03-25,20.1900,16.0747,2696800
2013-04-01,20.0800,15.9872,4455900
2013-04-08,20.4600,16.2897,2936100
2013-04-15,19.8300,15.7881,2928100
2013-04-22,21.0600,16.7674,4359900
2013-04-29,23.7000,18.8693,9283800
2013-05-06,24.0500,19.1480,2422000
2013-05-13,24.2000,19.2674,1919500
2013-05-20,23.7600,18.9171,2084100
2013-05-27,23.6500,18.8295,2028300
2013-06-03,24.3300,19.3709,3550700
2013-06-10,24.4400,19.5549,2126800
2013-06-17,24.2600,19.4109,3594300
2013-06-24,25.0200,20.0190,2682200
2013-07-01,25.8100,20.6511,1318300
2013-07-08,25.2200,20.1790,3994500
2013-07-15,24.4400,19.5549,3233300
2013-07-22,24.1100,19.2909,3697800
2013-07-29,25.4200,20.3390,6578200
2013-08-05,25.0200,20.0190,2354100
2013-08-12,25.2600,20.2110,2437000
2013-08-19,25.3800,20.3070,1873100
2013-08-26,24.8500,19.8830,1456100
2013-09-02,24.7900,19.8350,2722100
2013-09-09,25.5900,20.5747,4930400
2013-09-16,25.7600,20.7113,3389400
2013-09-23,26.0400,20.9365,2398100
2013-09-30,25.9300,20.8480,3230700
2013-10-07,25.8000,20.7435,2694900
2013-10-14,26.5400,21.3385,2558800
2013-10-21,27.9000,22.4319,2820500
2013-10-28,27.2100,21.8772,5648900
2013-11-04,28.0100,22.5204,3610900
2013-11-11,27.6400,22.2229,2153500
2013-11-18,27.9500,22.4721,1883000
2013-11-25,27.9800,22.4963,1271400
2013-12-02,27.7800,22.3354,1831400
2013-12-09,27.5300,22.2305,2609100
2013-12-16,27.5700,22.2628,3272700
2013-12-23,27.7900,22.4404,1377100
2013-12-30,27.7700,22.4243,1696600
2014-01-06,26.6800,21.5441,3071300
2014-01-13,25.9900,20.9869,2215400
2014-01-20,24.8400,20.0583,3690900
2014-01-27,24.2500,19.5819,3379300
2014-02-03,24.3800,19.6868,4751700
2014-02-10,25.5800,20.6558,3360100
2014-02-17,25.9200,20.9304,3578900
2014-02-24,26.4500,21.3584,4492500
2014-03-03,26.1200,21.0919,3078800
2014-03-10,25.9900,20.9869,2155900
2014-03-17,26.2200,21.2956,2723900
2014-03-24,25.8100,20.9626,3809000
2014-03-31,26.0100,21.1250,2466300
2014-04-07,24.6500,20.0204,2874800
2014-04-14,24.8300,20.1666,1544300
2014-04-21,24.4400,19.8499,1819200
2014-04-28,25.4900,20.7027,2955800
2014-05-05,24.2500,19.6955,4070000
2014-05-12,24.3300,19.7605,3110500
2014-05-19,24.9200,20.2397,2016900
2014-05-26,25.2800,20.5321,1608300
2014-06-02,26.4600,21.4905,1776400
2014-06-09,25.9100,21.0438,1614100
2014-06-16,26.1300,21.3460,2128500
2014-06-23,26.0700,21.2970,3400500
2014-06-30,26.2900,21.4767,1539600
2014-07-07,25.3600,20.7170,2449300
2014-07-14,25.2700,20.6435,2444100
2014-07-21,24.9400,20.3739,2300300
2014-07-28,25.0600,20.4719,2323700
2014-08-04,25.6900,20.9866,4484200
2014-08-11,25.2900,20.6598,2610900
2014-08-18,26.0800,21.3052,1932200
2014-08-25,26.5900,21.7218,3100500
2014-09-01,26.7800,21.8770,1704900
2014-09-08,26.9000,21.9751,1794400
2014-09-15,27.3700,22.4844,2729000
2014-09-22,27.5200,22.6076,2916400
2014-09-29,28.3100,23.2566,4326200
2014-10-06,27.6500,22.7144,3376000
2014-10-13,27.6000,22.6733,3825700
2014-10-20,27.5400,22.6241,3264800
2014-10-27,28.8700,23.7166,3376400
2014-11-03,31.7900,26.1154,6616500
2014-11-10,31.8600,26.1729,2806900
2014-11-17,31.3600,25.7622,2973800
2014-11-24,33.0600,27.1587,1783000
2014-12-01,32.3900,26.6083,2862100
2014-12-08,32.4600,26.6658,2389900
2014-12-15,32.6300,26.9299,3665500
2014-12-22,33.7700,27.8708,1312100
2014-12-29,33.5000,27.6479,1553000
2015-01-05,34.8900,28.7951,4171500
2015-01-12,34.0700,28.1184,3695700
2015-01-19,34.2700,28.2834,1827500
2015-01-26,33.5900,27.7222,2574000
2015-02-02,34.7300,28.6631,3962400
2015-02-09,34.5900,28.5475,1973900
2015-02-16,36.2600,29.9258,4713400
2015-02-23,37.6400,31.0647,7072700
2015-03-02,36.1700,29.8515,3656000
2015-03-09,37.1900,30.6933,2567500
2015-03-16,37.1400,30.7928,3246700
2015-03-23,36.2500,30.0549,1860000
2015-03-30,36.0300,29.8725,1458600
2015-04-06,35.9600,29.8145,2388000
2015-04-13,35.1800,29.1678,2362400
2015-04-20,36.3300,30.1212,2060500
2015-04-27,33.5800,27.8412,4603200
2015-05-04,34.5100,28.6123,6222500
2015-05-11,34.6800,28.7532,1945900
2015-05-18,35.2900,29.2590,2142800
2015-05-25,35.0200,29.0351,1739600
2015-06-01,36.5700,30.3202,3938400
2015-06-08,36.8200,30.5275,2654300
2015-06-15,36.9400,30.7691,2369300
2015-06-22,37.6800,31.3855,3198900
2015-06-29,37.6800,31.3855,2986400
2015-07-06,37.9900,31.6437,2563300
2015-07-13,38.0900,31.7270,2074600
2015-07-20,37.8100,31.4937,2052300
2015-07-27,39.3900,32.8098,2947800
2015-08-03,38.7900,32.3100,7658100
2015-08-10,38.7600,32.2850,2732800
2015-08-17,36.7500,30.6108,1627300
2015-08-24,36.4500,30.3609,3370700
2015-08-31,36.6900,30.5608,2589200
2015-09-07,38.0200,31.6687,1354000
2015-09-14,37.4700,31.3507,1986500
2015-09-21,38.1200,31.8946,2629600
2015-09-28,37.1500,31.0830,2827300
2015-10-05,38.0600,31.8444,2785400
2015-10-12,36.4200,30.4722,4216100
2015-10-19,36.0200,30.1375,4433200
2015-10-26,34.3500,28.7402,5018800
2015-11-02,33.7800,28.2633,7616200
2015-11-09,33.9100,28.3721,3022100
2015-11-16,34.8300,29.1419,3568300
2015-11-23,35.4900,29.6941,1280100
2015-11-30,34.9300,29.2255,1898900
2015-12-07,34.4100,28.7904,2169800
2015-12-14,34.1200,28.6895,3013100
2015-12-21,35.7300,30.0433,1807600
2015-12-28,35.7700,30.0769,1438300
2016-01-04,34.6300,29.1184,3637000
2016-01-11,36.1200,30.3712,3829500
2016-01-18,35.6200,29.9508,4023700
2016-01-25,36.8300,30.9682,3587900
2016-02-01,36.0200,30.2871,4489400
2016-02-08,36.4500,30.6487,4219400
2016-02-15,36.7500,30.9010,4435700
2016-02-22,42.1300,35.4247,10106600
2016-02-29,42.8200,36.0049,3878900
2016-03-07,42.3700,35.6265,1924700
2016-03-14,42.4700,35.8714,2598800
2016-03-21,41.5800,35.1197,1602000
2016-03-28,44.4600,37.5523,3993900
2016-04-04,43.8700,37.0539,3205200
2016-04-11,43.4300,36.6823,3169900
2016-04-18,42.1400,35.5927,3505400
2016-04-25,40.7200,34.3933,3208400
2016-05-02,43.4600,36.7076,6429700
2016-05-09,43.7500,36.9526,13388100
2016-05-16,44.0100,37.1722,3725400
2016-05-23,45.1700,38.1519,2752200
2016-05-30,45.4800,38.4138,2138900
2016-06-06,45.9500,38.8107,2445300
2016-06-13,45.3000,38.4206,2735900
2016-06-20,45.7700,38.8192,3413800
2016-06-27,45.3600,38.4715,3920400
2016-07-04,45.4200,38.5224,2038400
2016-07-11,46.6100,39.5317,2974900
2016-07-18,48.3100,40.9735,3170300
2016-07-25,47.2200,40.0490,6759000
2016-08-01,44.5800,37.8099,14582400
2016-08-08,46.0900,39.0906,4428000
2016-08-15,45.4700,38.5648,2933300
2016-08-22,44.5100,37.7506,3123700
2016-08-29,44.4200,37.6743,3072500
2016-09-05,42.6200,36.1476,2314400
2016-09-12,43.7000,37.2296,3197000
2016-09-19,43.0200,36.6502,5845800
2016-09-26,39.0300,33.2510,6836400
2016-10-03,37.9800,32.3565,4576600
2016-10-10,38.5400,32.8336,4940100
2016-10-17,39.5000,33.6514,4048600
2016-10-24,39.8900,33.9837,3406000
2016-10-31,38.7800,33.0380,5852300
2016-11-07,45.0600,38.3882,6846800
2016-11-14,45.4000,38.6778,4946700
2016-11-21,47.9700,40.8673,2672700
2016-11-28,47.5400,40.5010,3084700
2016-12-05,50.2000,42.7671,4101200
2016-12-12,49.2700,42.1343,4031000
2016-12-19,49.1300,42.0146,2250300
2016-12-26,48.2400,41.2535,1989600
2017-01-02,45.7000,39.0813,4016200
2017-01-09,46.9600,40.1589,4037400
2017-01-16,46.3900,39.6714,2003500
2017-01-23,46.3200,39.6115,2628100
2017-01-30,46.2000,39.5089,2372900
2017-02-06,48.0800,41.1167,2861700
2017-02-13,48.2400,41.2535,2892200
2017-02-20,42.2200,36.1053,13358800
2017-02-27,42.7700,36.5757,5249500
2017-03-06,41.3700,35.3785,5707000
2017-03-13,44.1500,37.9484,7371000
2017-03-20,43.5300,37.4155,4061000
2017-03-27,44.5300,38.2751,3206100
2017-04-03,44.5800,38.3181,2479800
2017-04-10,44.2400,38.0258,2368000
2017-04-17,45.2800,38.9197,3966500
2017-04-24,46.8800,40.2950,5738400
2017-05-01,50.4000,43.3206,11698000
2017-05-08,48.0400,41.2921,4066300
2017-05-15,48.5900,41.7648,4155500
2017-05-22,48.6600,41.8250,2910100
2017-05-29,50.5900,43.4839,2658700
2017-06-05,51.7100,44.4466,4019300
2017-06-12,49.3200,42.5651,3145000
2017-06-19,49.8500,43.0225,3482700
2017-06-26,50.9500,43.9719,3161100
2017-07-03,50.9100,43.9374,1783800
2017-07-10,50.0700,43.2124,2445700
2017-07-17,50.5400,43.6180,1896000
2017-07-24,47.7000,41.1670,4546000
2017-07-31,48.3900,41.7625,6414500
2017-08-07,49.2500,42.5047,2058400
2017-08-14,48.5800,41.9265,1553600
2017-08-21,47.6300,41.1066,1638500
2017-08-28,47.4600,40.9599,2790500
2017-09-04,46.5700,40.1918,2733000
2017-09-11,49.2900,42.7299,4002000
2017-09-18,48.1200,41.7156,2613700
2017-09-25,49.1400,42.5998,2871300
2017-10-02,50.1100,43.4407,2796200
2017-10-09,49.9500,43.3020,1682300
2017-10-16,50.3600,43.6574,2569400
2017-10-23,51.1700,44.3596,3619200
2017-10-30,48.6200,42.1490,5362800
2017-11-06,49.0400,42.5131,3259600
2017-11-13,49.8600,43.2240,2932800
2017-11-20,48.5800,42.1144,1791000
2017-11-27,50.3200,43.6228,3127300
2017-12-04,51.4600,44.6111,3355000
2017-12-11,52.0900,45.3443,4232000
2017-12-18,54.1800,47.1637,4687100
2017-12-25,52.6800,45.8579,2168700
2018-01-01,57.1600,49.7577,4497400
2018-01-08,58.2400,50.6979,3166400
2018-01-15,58.2400,50.6979,2739400
2018-01-22,59.9400,52.1777,2771800
2018-01-29,57.6100,50.1495,2359600
2018-02-05,54.6200,47.5467,3841800
2018-02-12,57.9800,50.4716,3773300
2018-02-19,57.2800,49.8622,6424400
2018-02-26,57.2800,49.8622,4836600
2018-03-05,58.3500,50.7937,3642400
2018-03-12,58.7000,51.3156,3377200
2018-03-19,55.7500,48.7367,4091400
2018-03-26,57.7800,50.5113,3013000
2018-04-02,60.7300,53.0902,4326400
2018-04-09,61.1600,53.4661,3598200
2018-04-16,63.3300,55.3632,3908400
2018-04-23,64.1900,56.1150,5205100
2018-04-30,63.1000,55.1621,6939300
2018-05-07,61.9800,54.1830,2987000
2018-05-14,59.2000,51.7527,5016700
2018-05-21,60.7600,53.1165,2936600
2018-05-28,62.0100,54.2092,2532900
2018-06-04,63.8700,55.8352,2557800
2018-06-11,66.1600,58.0640,2892700
2018-06-18,68.2500,59.8983,3577600
2018-06-25,65.5100,57.4936,3498300
2018-07-02,66.8000,58.6257,1783200
2018-07-09,67.7300,59.4419,2293600
2018-07-16,70.0100,61.4429,2866700
2018-07-23,67.8600,59.5560,3008900
2018-07-30,63.3000,55.5540,7793600
2018-08-06,63.2000,55.4663,2694600
2018-08-13,66.1000,58.0114,2891400
2018-08-20,66.8200,58.6433,2113000
2018-08-27,68.9500,60.5126,2156600
2018-09-03,75.1700,65.9715,3327000
2018-09-10,72.0800,63.4754,3698300
2018-09-17,70.5700,62.1457,3663300
2018-09-24,69.2900,61.0185,3558400
2018-10-01,66.3900,58.4647,3649700
2018-10-08,65.7300,57.8835,3354000
2018-10-15,66.1600,58.2621,3611200
2018-10-22,67.1200,59.1075,3419600
2018-10-29,62.1000,54.6868,9646100
2018-11-05,65.1800,57.3991,2829000
2018-11-12,63.1500,55.6115,3052000
2018-11-19,64.4800,56.7827,1762400
2018-11-26,66.0300,58.1476,2878200
2018-12-03,63.5100,55.9285,2984500
2018-12-10,62.0800,54.6692,2545100
2018-12-17,57.7600,51.0738,4252600
2018-12-24,59.2500,52.3913,1908100
2018-12-31,59.8200,52.8954,2278200
2019-01-07,66.9800,59.2265,4301900
2019-01-14,67.0000,59.2442,4194000
2019-01-21,62.7800,55.5127,3015900
2019-01-28,60.7800,53.7442,4445400
2019-02-04,62.8800,55.6011,3104600
2019-02-11,65.5800,57.9886,3772600
2019-02-18,62.6500,55.3978,6006600
2019-02-25,63.0800,55.7780,5143900
2019-03-04,59.8100,52.8865,3253100
2019-03-11,59.7100,53.0647,5070200
2019-03-18,60.6000,53.8556,3529700
2019-03-25,62.1900,55.2687,3199800
2019-04-01,62.8400,55.8464,3483900
2019-04-08,62.4000,55.4553,3071300
2019-04-15,59.8500,53.1891,3225400
2019-04-22,60.6300,53.8823,5884600
2019-04-29,54.7200,48.6301,13034000
2019-05-06,54.9100,48.7989,4525600
2019-05-13,54.6600,48.5767,5411700
2019-05-20,53.2700,47.3414,4978700
2019-05-27,51.2600,45.5551,3761800
2019-06-03,55.4800,49.3055,5633100
2019-06-10,54.1800,48.4125,4183400
2019-06-17,52.3800,46.8042,6084300
2019-06-24,53.6700,47.9568,4792700
2019-07-01,54.5500,48.7432,3192100
2019-07-08,53.5400,47.8407,2524900
2019-07-15,54.0300,48.2785,4886300
2019-07-22,55.9000,49.9495,4997400
2019-07-29,56.9000,50.8430,6966600
2019-08-05,54.4500,48.6538,4664500
2019-08-12,51.4200,45.9464,4283700
2019-08-19,48.9400,43.7303,5114300
2019-08-26,51.4600,45.9821,4480100
2019-09-02,52.8700,47.2420,3334700
2019-09-09,54.2600,48.7582,3530500
2019-09-16,51.5400,46.3140,4903400
2019-09-23,52.2300,46.9340,3447700
2019-09-30,49.3400,44.3370,3559000
2019-10-07,50.6100,45.4783,3237900
2019-10-14,48.6400,43.7080,3826200
2019-10-21,49.7600,44.7144,3941700
2019-10-28,57.8500,51.9841,10166100
2019-11-04,58.8200,52.8558,3959900
2019-11-11,57.6600,51.8134,3729700
2019-11-18,57.8500,51.9841,2974500
2019-11-25,57.9000,52.0291,1496800
2019-12-02,57.1500,51.3551,2346700
2019-12-09,56.7000,51.2231,4010800
2019-12-16,56.0600,50.6449,3035700
2019-12-23,55.0400,49.7235,2062900
2019-12-30,56.0700,50.6540,3781100
2020-01-06,55.9700,50.5636,4560900
2020-01-13,57.8000,52.2169,4960900
2020-01-20,62.1300,56.1286,4566400
2020-01-27,62.5000,56.4629,5662600
2020-02-03,63.5800,57.4386,3539200
2020-02-10,64.1200,57.9264,2984900
2020-02-17,71.5200,64.6116,6079800
2020-02-24,56.2200,50.7895,8768900
2020-03-02,53.8900,48.6846,8404300
2020-03-09,44.1800,40.2138,11123400
2020-03-16,35.8500,32.6316,14258800
2020-03-23,41.8900,38.1294,12397700
2020-03-30,35.2600,32.0946,9066600
2020-04-06,46.9800,42.7625,8550100
2020-04-13,46.4900,42.3165,7937700
2020-04-20,45.8700,41.7521,9815400
2020-04-27,44.8600,40.8328,10755500
2020-05-04,47.5800,43.3086,11052000
2020-05-11,45.4800,41.3971,7833200
2020-05-18,50.3500,45.8299,6193700
2020-05-25,51.8500,47.1953,5148500
2020-06-01,61.1900,55.6968,7714800
2020-06-08,52.0600,47.3864,6991900
2020-06-15,50.9000,46.3306,6975900
2020-06-22,49.8300,45.3566,8495000
2020-06-29,50.2500,45.7389,6301300
2020-07-06,49.5400,45.0926,5896200
2020-07-13,52.1500,47.4683,5271300
2020-07-20,53.3600,48.5697,5178300
2020-07-27,56.1900,51.1457,5512500
2020-08-03,60.4600,55.0323,8729900
2020-08-10,61.2400,55.7423,4233700
2020-08-17,61.5600,56.0336,2699800
2020-08-24,64.5500,58.7552,3640700
2020-08-31,64.2500,58.4821,4026200
2020-09-07,62.6600,57.0348,2981700
2020-09-14,62.3200,56.7254,3669000
2020-09-21,60.0000,54.6136,4854300
2020-09-28,64.2200,58.4548,3785700
2020-10-05,70.3400,64.0254,4471700
2020-10-12,73.8700,67.2385,4606300
2020-10-19,72.3500,65.8549,4628700
2020-10-26,70.0300,63.7432,6892200
2020-11-02,72.1100,65.6365,4909900
2020-11-09,72.9400,66.3920,7075300
2020-11-16,73.9100,67.2749,3657100
2020-11-23,75.2800,68.5219,3116600
2020-11-30,79.8700,72.6998,4480700
2020-12-07,78.1700,71.1524,3500000
2020-12-14,79.9300,72.7544,3607800
2020-12-21,79.9600,72.7818,1970900
2020-12-28,78.1600,71.1433,1996600
2021-01-04,80.2500,73.0457,4329400
2021-01-11,80.6200,73.3825,2581600
2021-01-18,79.7100,72.5542,2996400
2021-01-25,76.2100,69.3684,4945200
2021-02-01,88.6000,80.6461,4678900
2021-02-08,86.4400,78.6800,3281800
2021-02-15,87.9100,80.0181,4553100
2021-02-22,90.8800,82.7214,5257300
2021-03-01,93.4000,85.0152,5216500
2021-03-08,97.7600,88.9838,3578000
2021-03-15,95.7100,87.1178,4631000
2021-03-22,97.7700,88.9929,3243000
2021-03-29,96.2800,87.6367,2147700
2021-04-05,99.4600,90.5312,3056100
2021-04-12,98.9300,90.0488,3732500
2021-04-19,100.3600,91.3504,2883200
2021-04-26,107.0200,97.4125,4794500
2021-05-03,104.6300,95.2371,4279300
2021-05-10,98.5500,89.7029,4071200
2021-05-17,96.6200,88.3005,4299700
2021-05-24,100.7100,92.0383,4348500
2021-05-31,97.7200,89.3058,4481100
2021-06-07,98.6200,90.1283,3672700
2021-06-14,90.5000,82.7075,4985600
2021-06-21,97.6600,89.2510,5152700
2021-06-28,95.8500,87.5968,2994700
2021-07-05,96.5600,88.2457,2594000
2021-07-12,94.3700,86.2442,2460100
2021-07-19,98.1000,89.6531,4619000
2021-07-26,92.1700,84.2337,6296000
2021-08-02,91.7100,83.8133,5314300
2021-08-09,88.9600,81.3001,3269800
2021-08-16,90.2500,82.4790,4396100
2021-08-23,95.5100,87.2861,3134700
2021-08-30,93.6200,85.5588,3604500
2021-09-06,91.9400,84.3840,1890800
2021-09-13,91.3600,83.8517,4171900
2021-09-20,94.7200,86.9355,3604200
2021-09-27,95.1800,87.3577,2905000
2021-10-04,92.7700,85.1458,3806600
2021-10-11,89.1300,81.8049,3344500
2021-10-18,89.6100,82.2455,4895800
2021-10-25,88.8100,81.5112,6512400
2021-11-01,95.7500,87.8809,5106900
2021-11-08,90.9900,83.5121,2762800
2021-11-15,89.7300,82.3556,2813300
2021-11-22,85.4700,78.4458,3420900
2021-11-29,82.5000,75.7199,5811100
2021-12-06,88.0400,81.1756,4180200
2021-12-13,83.7500,77.2201,6936000
2021-12-20,88.7900,81.8671,2615500
2021-12-27,89.2800,82.3189,2435700
2022-01-03,90.2200,83.1856,3592500
2022-01-10,87.2900,80.4841,3437300
2022-01-17,79.2800,73.0986,3160300
2022-01-24,83.7500,77.2201,9225600
2022-01-31,88.7400,81.8210,3681000
2022-02-07,90.5300,83.4714,4091100
2022-02-14,89.4300,82.4572,7021500
2022-02-21,93.3100,86.0347,6794100
2022-02-28,83.7500,77.2201,5695600
2022-03-07,78.8000,73.1284,11131800
2022-03-14,83.6500,77.6293,8256900
2022-03-21,81.5700,75.6990,5036800
2022-03-28,81.7200,75.8382,5313600
2022-04-04,81.4000,75.5413,5191400
2022-04-11,81.8400,75.9496,5624400
2022-04-18,82.8700,76.9055,4800200
2022-04-25,82.3300,76.4044,4494200
2022-05-02,83.9100,77.8706,9887300
2022-05-09,78.5400,72.8871,6810700
2022-05-16,71.3700,66.2332,5542200
2022-05-23,80.3200,74.5390,7642400
2022-05-30,80.1400,74.3720,5549500
2022-06-06,77.8400,72.6507,5094300
2022-06-13,72.2000,67.3867,6068200
2022-06-20,76.9500,71.8201,4738300
2022-06-27,75.2900,70.2708,3787200
2022-07-04,78.3800,73.1547,4320400
2022-07-11,81.6000,76.1601,5421100
2022-07-18,83.8100,78.2227,4224300
2022-07-25,87.2200,81.4054,5124400
2022-08-01,88.3900,82.4974,3299000
2022-08-08,94.0800,87.8081,3575800
2022-08-15,91.9200,85.7921,3470900
2022-08-22,90.3200,84.2988,2892400
2022-08-29,87.4700,81.6388,2850800
2022-09-05,91.1800,85.5513,2347900
2022-09-12,90.5000,84.9133,4652200
2022-09-19,84.3800,79.1711,3750300
2022-09-26,87.2600,81.8733,4345000
2022-10-03,87.2600,81.8733,4164700
2022-10-10,92.6700,86.9494,5717200
2022-10-17,95.4600,89.5671,4932100
2022-10-24,98.7100,92.6165,6139200
2022-10-31,98.9100,92.8042,4853700
2022-11-07,96.1200,90.1864,4897900
2022-11-14,97.9700,91.9222,3528000
2022-11-21,99.2000,93.0763,2172400
2022-11-28,98.2300,92.1661,4837900
2022-12-05,97.9500,92.3430,3734300
2022-12-12,96.6900,91.1552,5490100
2022-12-19,96.3100,90.7969,3086000
2022-12-26,90.9500,85.7438,2620600
2023-01-02,93.5200,88.1666,4431900
2023-01-09,100.9700,95.1902,5035700
2023-01-16,98.7600,93.1067,3769700
2023-01-23,98.9600,93.2952,2900700
2023-01-30,102.0900,96.2461,4633800
2023-02-06,100.9200,95.1430,3244100
2023-02-13,104.3200,98.3484,7446700
2023-02-20,103.8200,97.8770,3842400
2023-02-27,103.7300,97.7922,3444000
2023-03-06,101.6100,96.2986,3692900
2023-03-13,105.3200,99.8147,5257800
2023-03-20,104.1000,98.6585,3816600
2023-03-27,108.0600,102.4115,3304700
2023-04-03,110.0100,104.2596,2772000
2023-04-10,109.8900,104.1458,3312400
2023-04-17,109.9800,104.2311,3848200
2023-04-24,110.6200,104.8377,4301500
2023-05-01,108.3100,102.6484,6952900
2023-05-08,105.5400,100.0232,5509700
2023-05-15,113.6200,107.6809,7160400
2023-05-22,110.6300,104.8472,4269000
2023-05-29,111.5500,105.7191,3625600
2023-06-05,108.0600,102.9211,4083600
2023-06-12,109.9700,104.7403,4491500
2023-06-19,108.8100,103.6354,13077900
2023-06-26,112.2800,106.9404,4975900
2023-07-03,110.6800,105.4165,3447500
2023-07-10,114.0100,108.5881,3974600
2023-07-17,115.8800,110.3692,3611300
2023-07-24,109.6100,104.3974,7775100
2023-07-31,109.1200,103.9307,4581400
2023-08-07,108.0100,102.8735,3139600
2023-08-14,104.6900,99.7113,4047800
2023-08-21,104.4500,99.4828,4566900
2023-08-28,104.7500,99.7685,4175500
2023-09-04,101.0600,96.7620,3460300
2023-09-11,101.2300,96.9248,4196500
2023-09-18,95.6200,91.5534,4528200
2023-09-25,96.1000,92.0130,4423700
2023-10-02,95.4600,91.4002,4553300
2023-10-09,92.2400,88.3171,3707200
2023-10-16,96.1900,92.0991,4723400
2023-10-23,97.7100,93.5545,8522100
2023-10-30,104.2800,99.8451,5335100
2023-11-06,104.1900,99.7589,3556000
2023-11-13,110.7800,106.0687,4232900
2023-11-20,112.6100,107.8208,2446700
2023-11-27,114.4900,109.6209,3580000
2023-12-04,113.5200,109.2172,5100500
2023-12-11,116.0100,111.6128,5209500
2023-12-18,121.1100,116.5195,3740600
2023-12-25,122.2300,117.5970,3255000
2024-01-01,118.3000,113.8160,4883600
2024-01-08,116.7800,112.3536,4013000
2024-01-15,118.7800,114.2778,2867300
2024-01-22,122.8200,118.1647,3189300
2024-01-29,130.5000,125.5536,3631800
2024-02-05,134.7300,129.6232,3407700
2024-02-12,147.7000,142.1016,6839300
2024-02-19,148.9000,143.2561,3959600
2024-02-26,149.6000,143.9296,4277800
2024-03-04,148.3600,142.7366,2841000
2024-03-11,152.2600,147.0940,4559900
2024-03-18,152.6900,147.5094,2895900
2024-03-25,154.4700,149.2290,2212400
2024-04-01,149.9900,144.9011,3534000
2024-04-08,148.6300,143.5872,3141400
2024-04-15,150.7300,145.6159,3622200
2024-04-22,157.4600,152.1176,4284100
2024-04-29,163.6100,158.0589,6482000
2024-05-06,167.2200,161.5465,3420000
2024-05-13,169.6400,163.8843,2995700
2024-05-20,168.7500,163.0245,2766800
2024-05-27,172.6700,166.8115,3298300
2024-06-03,167.9300,162.2324,3168800
2024-06-10,167.4300,162.3334,3853700
2024-06-17,170.4100,165.2227,4385300
2024-06-24,171.7100,166.4831,4507300
2024-07-01,170.6800,165.4845,2976200
2024-07-08,169.0800,163.9332,3889300
2024-07-15,171.4400,166.2213,4531300
2024-07-22,169.3800,164.2241,5693500
2024-07-29,166.1300,161.0730,3745000
2024-08-05,167.5600,162.4594,3335700
2024-08-12,167.2600,162.1686,3063100
2024-08-19,168.5900,163.4581,3042200
2024-08-26,168.7500,163.6132,2718700
2024-09-02,161.8100,157.4607,2526900
2024-09-09,163.9200,159.5140,4028100
2024-09-16,169.7100,165.1484,4714800
2024-09-23,174.9000,170.1989,3342900
2024-09-30,178.6500,173.8481,2695600
2024-10-07,175.7000,170.9774,2729500
2024-10-14,183.8900,178.9472,2885100
2024-10-21,187.3800,182.3434,4946900
2024-10-28,187.5200,182.4796,4689900
2024-11-04,197.7700,192.4541,3684100
2024-11-11,197.9900,192.6682,3285600
2024-11-18,194.9000,189.6613,2957700
2024-11-25,205.2700,199.7525,2709800
2024-12-02,196.5600,191.2766,3870300
2024-12-09,186.8600,182.4157,2430100
2024-12-16,181.3800,177.0660,4495700
2024-12-23,181.8600,177.5346,1556600
2024-12-30,182.9400,178.5889,2234200
2025-01-06,178.1200,173.8835,3708200
2025-01-13,178.9500,174.6938,4246500
2025-01-20,178.5500,174.3033,3721700
2025-01-27,181.1000,176.7927,4032500
2025-02-03,175.9600,171.7749,5707500
2025-02-10,171.7000,167.6162,5722700
2025-02-17,169.1300,165.1074,8169400
2025-02-24,184.0900,179.7115,8410600
2025-03-03,179.0300,174.7719,6473700
2025-03-10,172.4900,168.3874,6934700
2025-03-17,169.8800,166.4980,5511700
2025-03-24,171.0500,167.6447,4424100
2025-03-31,159.8600,156.6774,6971800
2025-04-07,160.1700,156.9813,7531700
2025-04-14,161.8900,158.6670,4167400
2025-04-21,161.6400,158.4220,5793300
2025-04-28,171.7900,168.3699,6093200
2025-05-05,180.8100,177.2103,6334300
2025-05-12,192.9200,189.0793,6637700
2025-05-19,189.9900,186.2076,4181600
2025-05-26,195.2100,191.3237,4736000
2025-06-02,195.1900,191.9747,3322900
2025-06-09,182.2900,179.2872,3913900
2025-06-16,193.0200,189.8404,7256300
2025-06-23,187.7400,184.6474,6110600
2025-06-30,189.4600,186.3390,3283000
2025-07-07,188.0900,184.9916,4067100
2025-07-14,184.0800,181.0477,4027000
2025-07-21,188.1400,185.0408,3626300
2025-07-28,182.9700,179.9559,3862600
2025-08-04,172.8400,169.9928,6933200
2025-08-11,172.8400,169.9928,5599200
2025-08-18,177.3300,174.4089,5363000
2025-08-25,172.5500,169.7076,5284000
2025-09-01,168.8500,166.7256,4789200
2025-09-08,166.6900,164.5928,5199700
2025-09-15,158.2400,156.2491,6885200
2025-09-22,162.5300,160.4851,6140700
2025-09-29,166.4900,164.3953,6167200
2025-10-06,163.3300,161.2751,4925600
2025-10-13,177.4800,175.2470,6304200
2025-10-20,175.5400,173.3314,4068600
2025-10-27,163.5800,161.5219,4458200
2025-11-03,165.0300,162.9536,9290200
2025-11-10,167.3500,165.2445,5307400
2025-11-17,173.4300,171.2480,5119200
2025-11-24,175.2500,173.0451,2960800
2025-12-01,166.2700,164.8339,4269400
2025-12-08,168.2400,166.7869,3447200
2025-12-15,175.7700,174.2518,5809000
2025-12-22,170.7500,169.2752,3056900
2025-12-29,171.3600,169.8799,2498300
2026-01-05,183.1500,181.5681,4746500
2026-01-12,194.4900,192.8102,5389900
2026-01-19,190.6500,189.0033,3555900
2026-01-26,179.8600,178.3065,4121000
2026-02-02,190.9700,189.3205,3967500
2026-02-09,180.9000,179.3375,4735200
2026-02-16,178.8200,177.2755,7863900
2026-02-23,182.8700,181.2905,4647400
2026-03-02,171.5400,170.0584,4326700
2026-03-09,170.2400,168.7696,4059500
2026-03-16,170.8900,170.1593,5223000
2026-03-23,160.1800,159.4951,5234800
2026-03-30,162.9800,162.2831,4255600
2026-04-06,163.6900,162.9901,5135100
2026-04-13,165.0800,164.3741,5346100
2026-04-20,159.7800,159.0968,4620700
2026-04-27,158.2900,157.6132,6056500
2026-05-04,177.3800,176.6215,8105900
2026-05-11,177.9700,177.2090,7156600
2026-05-18,177.5700,176.8107,5593300
2026-05-25,180.6200,179.8477,4387700
2026-06-01,170.4600,170.4600,6318100
2026-06-08,167.8600,167.8600,4666600
2026-06-15,177.7500,177.7500,5911200
2026-06-22,196.5900,196.5900,7852600
2026-06-29,194.2800,194.2800,3890800
2026-07-06,189.5000,189.5000,4505600
2026-07-13,197.0300,197.0300,4272500
2026-07-20,194.3100,194.3100,1680100
2026-07-21,194.3100,194.3100,595003
