date,beef,beef_116,pork,pork_123a
2010-01-02,277.18,4.08,149.01,5.20
2010-01-09,281.93,4.18,152.44,5.32
2010-01-16,288.16,4.35,159.92,5.52
2010-01-23,288.97,4.06,169.42,5.58
2010-01-30,284.13,3.91,156.90,5.54
2010-02-06,280.48,3.90,150.90,5.67
2010-02-13,282.26,3.90,150.63,5.72
2010-02-20,291.94,4.11,152.33,5.71
2010-02-27,300.12,4.08,158.75,5.92
2010-03-06,301.18,4.10,164.85,5.84
2010-03-13,300.39,3.83,163.35,5.84
2010-03-20,307.89,3.99,162.05,5.94
2010-03-27,322.34,4.20,159.26,6.41
2010-04-03,323.73,4.03,161.15,6.47
2010-04-10,329.56,4.06,170.54,6.66
2010-04-17,334.73,4.08,182.20,6.79
2010-04-24,334.42,4.08,194.72,6.90
2010-05-01,336.71,4.12,197.93,7.15
2010-05-08,337.37,4.16,198.00,7.28
2010-05-15,339.15,4.29,199.98,7.53
2010-05-22,334.73,4.42,194.59,7.72
2010-05-29,326.48,4.46,192.43,7.75
2010-06-05,321.73,4.44,188.74,7.92
2010-06-12,316.76,4.23,184.18,8.10
2010-06-19,309.36,4.10,181.87,8.17
2010-06-26,301.93,4.11,184.98,8.16
2010-07-03,308.04,4.03,181.63,8.21
2010-07-10,308.59,3.96,181.28,8.21
2010-07-17,309.69,3.92,179.87,7.99
2010-07-24,312.91,4.00,184.43,8.03
2010-07-31,312.38,4.06,194.55,7.47
2010-08-07,306.44,3.87,199.91,7.33
2010-08-14,309.56,3.97,196.53,6.81
2010-08-21,318.12,4.10,206.47,6.51
2010-08-28,328.92,4.27,208.98,6.52
2010-09-04,326.48,4.17,201.92,6.72
2010-09-11,321.99,4.00,198.84,6.46
2010-09-18,319.44,4.03,200.95,6.58
2010-09-25,319.95,4.18,199.76,6.82
2010-10-02,316.98,4.23,194.55,6.99
2010-10-09,311.52,4.24,184.23,6.91
2010-10-16,311.17,4.35,180.31,7.09
2010-10-23,322.63,4.76,170.54,7.59
2010-10-30,329.08,4.94,163.31,7.72
2010-11-06,323.73,4.89,169.31,7.79
2010-11-13,319.37,4.71,168.59,7.90
2010-11-20,321.55,4.63,169.47,7.87
2010-11-27,325.91,4.67,173.65,7.62
2010-12-04,332.60,4.76,170.52,7.65
2010-12-11,335.59,4.74,171.82,7.58
2010-12-18,330.97,4.47,173.43,7.59
2010-12-25,326.83,4.37,170.74,7.49
2011-01-01,333.65,4.52,169.53,7.52
2011-01-08,341.48,4.67,171.58,7.5
2011-01-15,343.55,4.81,181.26,7.65
2011-01-22,351.01,4.97,188.14,7.77
2011-01-29,347.49,5,192.08,7.9
2011-02-05,345.07,4.96,195.69,7.85
2011-02-12,343.82,4.99,195.36,7.76
2011-02-19,341.97,5.03,196.92,7.56
2011-02-26,350.42,5.2,201.85,7.69
2011-03-05,356.49,5.35,200.97,7.43
2011-03-12,366.08,5.45,200.33,7.39
2011-03-19,379.65,5.64,202.2,7.43
2011-03-26,377.43,5.36,204.73,7.28
2011-04-02,383.5,5.05,207.57,7.42
2011-04-09,395.21,4.89,208.21,6.75
2011-04-16,392.11,4.66,210.98,6.78
2011-04-23,384.78,4.51,210.89,6.99
2011-04-30,380.47,4.14,205.46,6.99
2011-05-07,372.48,4.22,200.42,7.03
2011-05-14,365.97,4.21,204.78,7.11
2011-05-21,361.81,4.42,213.42,7.04
2011-05-28,354.79,4.52,201.92,7.08
2011-06-04,351.32,4.54,195.95,7.2
2011-06-11,347.89,4.3,196.22,7.21
2011-06-18,348.92,4.29,204.67,7.29
2011-06-25,358.73,4.51,214.94,7.29
2011-07-02,363.35,4.5,214.63,7.35
2011-07-09,364.1,4.51,213.03,7.05
2011-07-16,370.44,4.58,216.08,6.85
2011-07-23,359.92,4.44,219.01,7.45
2011-07-30,352.46,4.49,225.61,7.51
2011-08-06,351.69,4.63,236.24,7.16
2011-08-13,360.95,4.83,241.63,7.28
2011-08-20,375.74,5.16,237.14,7.35
2011-08-27,375.03,5.24,228.89,7.03
2011-09-03,369.09,5.11,213.44,7.18
2011-09-10,368.5,5.08,207.9,7.3
2011-09-17,378.51,5.6,209.2,7.49
2011-09-24,377.89,5.69,212.59,7.52
2011-10-01,375.83,5.66,215.23,7.28
2011-10-08,385.48,5.82,215.73,7.5
2011-10-15,387.33,5.85,214.13,7.39
2011-10-22,385.64,5.58,218.46,7.15
2011-10-29,392.11,5.53,214.48,7.41
2011-11-05,393.82,5.33,207.79,7.51
2011-11-12,400.95,5.15,200.62,7.51
2011-11-19,409.11,5.19,196.28,7.44
2011-11-26,408.1,5.1,196.97,7.59
2011-12-03,408.76,4.95,196.64,7.29
2011-12-10,404.16,4.87,196.86,7.56
2011-12-17,395.71,4.89,198.46,7.8
2011-12-24,397.76,5.31,191.07,7.45
2012-01-07,404.6,5.44,186.3,7.87
2012-01-14,395.25,5.02,184.62,7.72
2012-01-21,391.49,4.95,187.04,7.57
2012-01-28,396.53,5.07,185.11,7.43
2012-02-04,391.71,4.99,186.74,7.58
2012-02-11,391.86,5,186.98,7.7
2012-02-18,394.11,5.03,190.34,7.36
2012-02-25,408.52,5.16,188.67,7.35
2012-03-03,410.83,5.06,187.51,7.56
2012-03-10,410.5,4.87,186.01,7.09
2012-03-17,400.4,4.57,183.77,7.33
2012-03-24,398.38,4.66,177.1,7.6
2012-03-31,393.58,4.54,176,7.12
2012-04-07,386.08,4.26,173.21,7.32
2012-04-14,377.65,4.33,172.33,6.78
2012-04-21,386.87,4.64,170.15,7.17
2012-04-28,393.16,4.77,169.64,7.15
2012-05-05,388.78,4.76,172.08,7.18
2012-05-12,390.28,4.89,174.31,6.96
2012-05-19,390.96,4.96,180.53,6.39
2012-05-26,399.41,5.02,174.28,6.93
2012-06-02,400.27,5.1,178.18,6.93
2012-06-09,401.43,4.85,184.38,6.39
2012-06-16,403.15,4.83,198.26,6.74
2012-06-23,399.61,4.7,214.74,5.63
2012-06-30,395.16,4.54,216.44,6.73
2012-07-07,391.47,4.54,201.41,6.78
2012-07-14,384.03,4.51,197.14,6.42
2012-07-21,372.13,4.74,198.73,6.93
2012-07-28,364.76,4.71,202.99,6.56
2012-08-04,366.08,4.78,204.07,6.81
2012-08-11,375.28,4.86,204.6,6.81
2012-08-18,387.6,5.01,202,6.68
2012-08-25,392.46,5.06,194.11,7.13
2012-09-01,388.72,5.11,182.01,6.87
2012-09-08,391.53,5.2,173.51,7
2012-09-15,396,5.52,172.7,6.95
2012-09-22,402.78,6.22,169.4,6.82
2012-09-29,398.31,6.35,174.7,7.22
2012-10-06,393.69,6.47,183.55,7.39
2012-10-13,395.69,6.65,189.79,7.46
2012-10-20,403.33,7.02,194.13,7.44
2012-10-27,411.25,6.71,190.21,7.36
2012-11-03,409.24,5.59,187.9,7.39
2012-11-10,405.39,5.22,189.79,7.53
2012-11-17,403.99,5.21,182.58,7.39
2012-11-24,407.22,5.15,179.59,7.51
2012-12-01,411.84,5.11,184.8,7.68
2012-12-08,408.69,4.95,188.21,7.53
2012-12-15,406.19,5.01,184.12,7.51
2012-12-22,405.9,5.1,182.16,7.72
2013-01-05,408.39,5.38,181.7,8.12
2013-01-12,410.12,5.4,183.52,8.22
2013-01-19,402.56,5.27,184.34,8.06
2013-01-26,394.77,5.2,186.87,8.2
2013-02-02,390.9,5.14,188.98,8.46
2013-02-09,390.68,5.17,183.15,8.68
2013-02-16,388.17,5.2,177.94,8.66
2013-02-23,383.13,5.17,179.96,8.81
2013-03-02,389.09,5.33,179.23,9.09
2013-03-09,405.75,5.6,175.14,9.13
2013-03-16,407.51,5.72,172.59,9.46
2013-03-23,401.85,5.28,171.56,9.65
2013-03-30,394.99,5.1,170.28,9.72
2013-04-06,401.35,5.18,170.06,9.81
2013-04-13,400.62,5.06,177.85,9.43
2013-04-20,399.12,5.01,181.9,9.5
2013-04-27,399.94,4.95,190.7,9.72
2013-05-04,411.95,5.06,192.5,9.36
2013-05-11,418.48,5.13,194.35,9.46
2013-05-18,420.35,5.15,202.58,9.57
2013-05-25,423.28,5.18,206.84,9.4
2013-06-01,420.49,4.95,208.05,9.8
2013-06-08,415.78,4.79,210.34,9.71
2013-06-15,409.75,4.86,221.67,9.56
2013-06-22,404.87,4.95,234.94,9.57
2013-06-29,401.48,5.05,241.96,9.7
2013-07-06,398.84,5.06,235.07,9.51
2013-07-13,394.15,5,226.95,9.52
2013-07-20,388.19,5.02,219.58,9.48
2013-07-27,384.91,4.92,218.55,9.39
2013-08-03,385.62,4.9,223.89,9.45
2013-08-10,387.75,4.93,230.91,9.65
2013-08-17,387.75,5.21,227.85,9.65
2013-08-24,401.08,5.36,221.74,9.72
2013-08-31,403.35,5.42,214.54,9.56
2013-09-07,401.65,5.34,209.66,9.71
2013-09-14,398.68,5.33,213.62,9.64
2013-09-21,399.06,5.47,217.54,9.69
2013-09-28,401.68,5.63,222.62,9.85
2013-10-26,416.64,6.22,208.23,9.96
2013-11-02,427.88,6.53,206.62,9.8
2013-11-09,427.2,6.36,207.35,9.85
2013-11-16,421.85,5.86,205.35,10.09
2013-11-23,419.19,5.7,199.43,10.1
2013-11-30,420.33,5.81,196.06,10.21
2013-12-07,423.41,5.66,198.59,10.12
2013-12-14,421.3,5.51,196.83,9.96
2013-12-21,421.3,5.78,197.14,10.3
2014-01-04,424.34,6.26,184.14,10.81
2014-01-11,438.72,6.57,184.89,10.82
2014-01-18,459.73,7.55,188.19,11.03
2014-01-25,482.04,8.08,192.87,11.21
2014-02-01,480.61,7.37,198.22,10.95
2014-02-08,456.81,6.24,200.88,10.81
2014-02-15,442.38,5.9,206.36,10.87
2014-02-22,449.48,5.9,212.06,10.82
2014-03-01,462.09,6.14,223.76,11.2
2014-03-08,485.12,6.49,239.8,11
2014-03-15,491.22,6.26,263.69,11.01
2014-03-22,494.71,5.87,286.29,11.09
2014-03-29,493.04,5.54,289.08,10.93
2014-04-05,486.22,5.44,290.33,10.98
2014-04-12,476.72,5.41,279.77,11.29
2014-04-19,474.3,5.57,267.83,11.13
2014-04-26,479.58,5.85,258.17,10.73
2014-05-03,479.38,5.79,253.9,11.01
2014-05-10,476.21,5.28,248.2,10.03
2014-05-17,475.27,5.57,248.95,10.97
2014-05-24,477.69,5.9,253.07,10.93
2014-05-31,478.1,5.95,251.86,10.94
2014-06-07,476.81,5.98,261.51,11
2014-06-14,478.79,6.11,268.31,10.98
2014-06-21,490.84,6.39,276.78,11.29
2014-06-28,497.29,6.52,290.29,11.4
2014-07-05,509.32,6.63,292.34,11.59
2014-07-12,516.08,6.7,296.69,11.66
2014-07-19,512.84,6.68,299.44,11.65
2014-07-26,519.18,6.99,292.4,11.8
2014-08-02,537.37,7.55,285.41,11.93
2014-08-09,534.8,7.48,278.74,12.11
2014-08-16,522.9,7.16,255.2,11.97
2014-08-23,509.5,6.66,236.59,12.17
2014-08-30,504.7,6.89,223.67,12.02
2014-09-06,508.62,7.06,225.87,12.19
2014-09-13,520.26,7.26,232.78,11.98
2014-09-20,515.31,7.06,245.28,12.28
2014-09-27,502.63,6.97,258.46,12.22
2014-10-04,501.95,7.08,268.69,12.31
2014-10-11,516.65,7.4,271.83,12.13
2014-10-18,526.11,7.66,255.42,12.4
2014-10-25,527.43,7.67,224.6,12.44
2014-11-01,536.95,7.58,216.72,12.29
2014-11-08,533.76,7.33,211,12.3
2014-11-15,531.76,7.09,209.81,12.46
2014-11-22,539.92,7.22,206.54,12.32
2014-11-29,546.17,7.28,204.34,12.75
2014-12-06,543.97,7.04,204.31,12.17
2014-12-13,530.07,6.68,203.3,12.32
2014-12-20,515.31,6.58,195.32,12.78
2014-12-27,510.97,6.8,192.21,12.23
2015-01-03,523.27,6.9,187.73,12.5
2015-01-10,537.66,7.13,183.08,12.45
2015-01-17,548.26,7.5,184.69,12.21
2015-01-24,534.45,7.16,187.68,11.52
2015-01-31,517.95,6.61,177.34,11.86
2015-02-07,512.07,6.54,165.57,11.59
2015-02-14,509.3,6.55,159.83,11.38
2015-02-21,513.61,6.75,158.86,11.74
2015-02-28,516.12,6.89,154.31,10.43
2015-03-07,519.84,7.11,152.13,10.46
2015-03-14,520.37,7.1,150.28,11.15
2015-03-21,520.45,6.83,150.41,10.19
2015-03-28,525.98,6.89,147.44,9.85
2015-04-04,535.57,6.89,142.96,9.2
2015-04-11,542.89,7.02,144.61,9.91
2015-04-18,539.9,7,146.89,9.38
2015-04-25,535.41,6.99,151.16,9.31
2015-05-02,531.39,6.83,158.55,9.74
2015-05-09,531.81,6.6,169.95,9.1
2015-05-16,541.13,6.64,183,9.02
2015-05-23,541.13,6.57,189.07,9.12
2015-05-30,534.71,6.54,189.97,9.03
2015-06-06,523.14,6.17,190.7,9.06
2015-06-13,512.73,6.42,189.38,9.2
2015-06-20,513.28,6.82,186.01,8.64
2015-06-27,513.72,6.98,182.82,8.89
2015-07-04,509.17,6.86,179.74,8.04
2015-07-11,500.85,6.58,179.17,7.84
2015-07-18,492.8,6.61,181.06,7.64
2015-07-25,486.05,6.7,185.44,7.23
2015-08-01,481.71,6.77,189.53,8.06
2015-08-08,485.78,6.81,195.71,8.01
2015-08-15,500.5,7.13,197.93,7.31
2015-08-22,500.37,7.1,194.9,7.27
2015-08-29,495.18,7.04,190.21,7.31
2015-09-05,486.38,7,188.54,7.84
2015-09-12,479.38,6.99,187.4,7.64
2015-09-19,467.32,6.98,183.77,7.81
2015-09-26,443.76,6.68,183.11,7.66
2015-10-03,419.25,6.38,187.88,7.76
2015-10-10,402.05,6.45,192.96,7.81
2015-10-17,420.95,6.8,195.34,8.09
2015-10-24,441.56,6.92,194.08,8.85
2015-10-31,449.02,7.05,181.5,9.07
2015-11-07,446.62,7.03,169.2,9.14
2015-11-14,436.33,6.61,165.57,9.19
2015-11-21,421.01,6.27,161.24,8.99
2015-11-28,414.96,6.29,163.88,8.97
2015-12-05,416.55,6.30,161.39,9.12
2015-12-12,410.45,6.06,161.48,9.35
2015-12-19,396.57,5.85,161.85,9.04
2015-12-26,395.23,5.90,154.95,8.76
2016-01-02,424.49,6.38,152.83,9.07
2016-01-09,456.48,7.08,153.87,9.73
2016-01-16,463.32,7.28,156.77,9.95
2016-01-23,455.62,7.26,163.06,9.25
2016-01-30,450.08,7.07,168.01,9.75
2016-02-06,452.94,7.01,169.91,9.10
2016-02-13,445.46,6.69,168.43,9.03
2016-02-20,437.38,6.34,167.13,9.38
2016-02-27,443.76,6.48,164.85,9.26
2016-03-05,451.02,6.30,165.53,9.73
2016-03-12,454.85,5.89,167.31,9.13
2016-03-19,469.52,6.11,167.86,9.58
2016-03-26,465.34,5.85,167.64,10.00
2016-04-02,455.84,5.56,168.30,9.60
2016-04-09,445.63,5.59,169.91,8.95
2016-04-16,452.36,5.85,171.47,9.55
2016-04-23,451.09,5.89,176.59,9.49
2016-04-30,431.55,5.51,179.94,8.40
2016-05-07,415.23,5.18,181.96,9.53
2016-05-14,430.08,5.55,182.18,9.56
2016-05-21,452.61,5.67,183.70,9.49
2016-05-28,444.62,5.46,184.60,9.86
2016-06-04,439.08,5.32,188.25,9.95
2016-06-11,450.01,5.36,191.71,9.17
2016-06-18,448.18,5.49,192.41,9.39
2016-06-25,424.36,5.44,195.29,9.54
2016-07-02,413.05,5.42,196.22,9.76
2016-07-09,420.11,5.48,197.08,9.93
2016-07-16,411.03,5.37,198.44,9.94
2016-07-23,400.60,5.22,197.67,9.06
2016-07-30,393.95,5.30,183.68,9.81
2016-08-06,397.83,5.37,171.53,9.86
2016-08-13,400.95,5.37,167.31,10.44
2016-08-20,401.76,5.36,164.12,9.97
2016-08-27,397.96,5.36,167.22,10.08
2016-09-03,384.96,5.32,170.96,10.17
2016-09-10,371.62,5.34,177.80,10.03
2016-09-17,362.10,5.54,178.22,9.76
2016-09-24,366.61,5.91,174.20,9.31
2016-10-01,363.40,6.65,166.89,9.24
2016-10-08,353.83,6.86,160.07,8.69
2016-10-15,348.57,6.80,160.25,9.08
2016-10-22,341.90,6.37,160.78,7.87
2016-10-29,348.66,6.72,160.93,9.36
2016-11-05,361.20,6.08,161.83,7.63
2016-11-12,358.36,6.60,163.39,9.58
2016-11-19,357.19,5.74,161.99,9.48
2016-11-26,368.17,5.69,162.03,9.45
2016-12-03,376.29,5.62,162.62,9.42
2016-12-10,377.30,5.38,165.18,9.73
2016-12-17,375.45,5.58,168.92,10.03
2016-12-24,384.65,6.05,175.69,9.78
2016-12-31,394.00,6.44,179.94,9.89
2017-01-07,402.73,6.37,175.14,9.17
2017-01-14,389.77,5.74,175.41,9.62
2017-01-21,391.71,5.78,175.08,9.41
2017-01-28,396.26,5.63,179.94,8.80
2017-02-04,394.86,5.47,184.18,9.36
2017-02-11,388.63,5.25,187.24,9.89
2017-02-18,387.68,5.29,187.02,9.70
2017-02-25,396.26,5.14,181.46,9.46
2017-03-04,415.27,5.26,178.11,9.17
2017-03-11,425.61,5.05,179.94,9.58
2017-03-18,437.38,5.05,180.51,9.64
2017-03-25,444.00,5.09,174.88,9.52
2017-04-01,440.42,5.16,168.76,9.12
2017-04-08,425.74,5.10,165.29,9.11
2017-04-15,424.71,5.22,165.59,9.03
2017-04-22,437.03,5.48,165.13,9.52
2017-04-29,447.48,5.81,162.76,9.83
2017-05-06,472.93,6.05,168.01,10.27
2017-05-13,494.27,6.34,178.75,10.25
2017-05-20,489.15,6.03,189.44,10.42
2017-05-27,482.02,5.90,197.75,10.70
2017-06-03,479.45,5.87,200.18,10.86
2017-06-10,490.93,5.92,201.30,10.63
2017-06-17,490.58,5.92,208.43,11.20
2017-06-24,468.71,5.84,218.77,10.98
2017-07-01,442.09,5.64,225.48,10.75
2017-07-08,426.89,5.46,229.64,11.32
2017-07-15,416.61,5.22,230.63,11.65
2017-07-22,411.6,5.41,228.65,10.64
2017-07-29,409.99,5.47,221.72,10.71
2017-08-05,404.95,5.52,214.65,11.25
2017-08-12,399.72,5.41,210.17,11.82
2017-08-19,388.89,5.47,203.10,11.42
2017-08-26,376.16,5.65,194.13,10.61
2017-09-02,369.40,5.87,186.36,10.94
2017-09-09,367.69,6.14,183.57,10.65
2017-09-16,365.77,6.44,175.89,10.38
2017-09-23,370.46,6.86,165.64,10.28
2017-10-07,0.00,7.13,159.98,10.95
2017-10-14,383.46,6.92,162.45,10.71
2017-10-21,386.80,6.76,164.45,10.67
2017-10-28,390.02,6.73,168.76,10.57
2017-11-04,406.89,6.79,173.62,10.73
2017-11-11,424.29,6.70,178.29,10.74
2017-11-18,419.45,6.25,178.35,10.74
2017-11-25,414.48,6.19,180.09,11.08
2017-12-02,413.40,6.11,182.60,11.14
2017-12-09,413.29,5.92,184.07,11.01
2017-12-16,405.59,6.01,173.45,11.49
2017-12-23,405.46,6.22,168.56,11.56
2017-12-30,409.08,6.12,175.81,11.30
2018-01-06,417.82,6.52,173.18,11.33
2018-01-13,416.88,6.48,174.35,11.49
2018-01-20,410.56,6.49,178.13,11.04
2018-01-27,416.02,6.61,181.35,11.51
2018-02-03,424.91,6.76,181.08,11.69
2018-02-10,423.65,6.70,170.30,11.39
2018-02-17,423.46,6.65,169.86,11.64
2018-02-24,438.00,6.89,173.80,11.89
2018-03-03,440.24,6.89,172.81,11.77
2018-03-10,442.09,6.96,166.61,12.11
2018-03-17,443.72,6.90,161.55,11.47
2018-03-24,443.96,6.91,157.08,11.81
2018-03-31,435.53,6.88,154.64,11.66
2018-04-07,423.28,6.42,153.12,11.53
2018-04-14,416.06,6.28,145.84,11.77
2018-04-21,418.00,6.25,150.11,12.16
2018-04-28,429.86,6.30,150.00,12.09
2018-05-05,442.51,6.43,152.29,12.31
2018-05-12,447.28,6.47,158.82,12.59
2018-05-19,443.52,6.40,163.50,12.82
2018-05-26,430.39,6.11,165.77,12.38
2018-06-02,423.90,6.08,168.81,12.70
2018-06-09,424.14,6.10,172.68,13.42
2018-06-16,426.49,6.12,180.36,12.38
2018-06-23,415.05,6.17,186.87,13.10
2018-06-30,404.43,6.19,192.06,13.01
2018-07-07,395.76,6.30,189.35,13.34
2018-07-14,401.43,6.37,184.98,13.09
2018-07-21,395.45,6.42,181.92,13.30
2018-07-28,398.97,6.48,171.51,12.28
2018-08-04,396.29,6.48,161.66,12.77
2018-08-11,400.16,6.46,157.67,12.76
2018-08-18,400.16,6.51,151.21,12.70
2018-08-25,402.93,6.47,144.45,12.49
2018-09-01,399.01,6.43,144.56,12.63
2018-09-08,393.82,6.37,150.08,12.86
2018-09-15,389.80,6.36,155.56,12.90
2018-09-22,395.14,6.29,171.64,12.66
2018-09-29,395.30,6.22,176.86,12.59
2018-10-06,393.76,6.21,176.59,12.82
2018-10-13,393.03,6.13,174.17,13.02
2018-10-20,395.93,6.39,174.83,12.99
2018-10-27,403.15,6.55,170.52,13.25
2018-11-03,414.81,6.74,167.95,13.24
2018-11-10,416.53,6.66,159.96,12.28
2018-11-17,410.37,6.49,152.86,12.94
2018-11-24,409.77,6.61,147.64,13.14
2018-12-01,413.71,6.43,150.39,11.20
2018-12-08,416.37,6.19,157.96,12.83
2018-12-15,418.24,6.40,159.90,13.43
2018-12-29,422.73,6.65,155.12,13.18
2019-01-05,427.33,6.66,153.91,12.09
2019-01-12,425.68,6.52,154.79,13.04
2019-01-19,427.55,6.40,154.55,12.63
2019-01-26,432.10,6.39,151.40,12.28
2019-02-02,431.20,6.29,149.25,12.12
2019-02-09,431.95,6.32,145.16,12.42
2019-02-16,433.22,6.28,140.95,12.43
2019-02-23,434.74,6.03,132.84,12.21
2019-03-02,438.92,6.00,133.69,12.30
2019-03-09,448.60,6.03,139.85,12.47
2019-03-16,450.96,6.23,149.42,12.44
2019-03-23,451.86,6.17,164.82,12.40
2019-03-30,453.62,5.99,178.40,11.88
2019-04-06,447.24,5.81,179.61,12.27
2019-04-13,448.62,5.68,185.02,12.34
2019-04-20,454.94,5.76,191.69,12.12
2019-04-27,459.25,5.64,189.97,12.03
2019-05-04,451.77,5.61,182.67,12.48
2019-05-11,439.25,5.55,187.66,11.82
2019-05-18,430.21,4.71,191.44,12.31
2019-05-25,426.56,5.75,186.69,12.14
2019-06-01,428.19,5.95,184.23,12.11
2019-06-08,427.22,5.95,183.90,12.33
2019-06-15,425.52,5.99,183.28,11.69
2019-06-22,422.42,6.03,174.24,12.57
2019-06-29,417.05,6.08,164.96,12.12
2019-07-06,416.28,6.11,160.14,12.18
2019-07-13,413.78,6.13,158.86,12.60
2019-07-20,413.38,6.11,167.33,11.93
2019-07-27,408.74,5.75,180.80,11.50
2019-08-03,415.16,5.63,190.56,11.38
2019-08-10,417.58,5.69,195.54,12.55
2019-08-17,428.85,6.04,194.83,11.86
2019-08-24,430.94,6.39,180.27,11.94
2019-08-31,427.24,6.38,162.34,11.27
2019-09-07,417.43,6.31,161.02,11.44
2019-09-14,403.11,6.14,156.22,10.48
2019-09-21,396.04,6.10,150.99,10.44
2019-09-28,394.66,6.21,158.66,9.82
2019-10-05,396.95,6.09,164.41,10.30
2019-10-12,403.17,6.11,169.69,10.51
2019-10-19,410.54,6.22,170.30,10.31
2019-10-26,417.36,6.53,167.53,10.69
2019-11-02,426.76,6.68,167.16,10.46
2019-11-09,438.86,7.30,177.10,9.69
2019-11-16,446.23,7.90,192.30,9.76
2019-11-23,441.74,7.85,186.98,10.77
2019-11-30,437.93,7.91,180.47,10.51
2019-12-07,436.46,7.21,179.48,10.08
2019-12-14,427.28,6.13,181.21,9.41
2019-12-21,419.78,6.02,171.12,9.16
2019-12-28,419.56,5.98,166.94,9.34
2020-01-04,420.60,5.94,162.71,9.76
2020-01-11,424.82,5.94,161.17,9.99
2020-01-18,428.03,6.03,164.60,9.60
2020-01-25,429.90,5.94,171.71,9.24
2020-02-01,427.64,5.85,160.60,9.85
2020-02-08,421.83,5.75,146.72,9.60
2020-02-15,415.32,5.73,140.14,10.46
2020-02-22,396.59,5.72,141.37,8.57
2020-02-29,409.97,5.77,143.09,9.92
2020-03-07,404.51,5.82,146.19,9.51
2020-03-14,400.84,5.92,151.25,9.17
2020-03-21,434.90,7.18,172.33,8.97
2020-03-28,457.49,7.59,174.24,8.52
2020-04-04,445.50,7.76,138.34,4.94
2020-04-11,416.70,8.24,117.81,4.43
2020-04-18,415.18,8.80,120.58,6.41
2020-04-25,453.88,10.00,159.92,8.00
2020-05-02,535.79,11.08,206.91,9.38
2020-05-09,638.33,13.84,250.67,10.93
2020-05-16,674.15,13.65,253.26,10.36
2020-05-23,627.90,11.72,219.87,9.14
2020-05-30,594.90,10.25,200.16,8.53
2020-06-06,509.52,6.79,166.34,9.69
2020-06-13,438.11,5.66,153.32,9.43
2020-06-19,403.61,5.75,142.93,8.38
2020-06-27,385.86,5.89,143.75,9.92
2020-07-04,376.75,5.92,142.12,9.88
2020-07-11,373.19,5.95,145.27,9.51
2020-07-18,370.81,5.64,150.15,9.31
2020-07-25,371.89,5.52,154.09,8.11
2020-08-01,374.84,5.56,150.26,8.48
2020-08-08,379.32,5.69,150.50,8.89
2020-08-15,389.66,5.90,159.10,9.57
2020-08-22,407.84,6.48,164.21,9.75
2020-08-29,417.10,6.92,160.80,9.62
2020-09-05,410.65,7.11,167.82,9.29
2020-09-12,401.13,7.02,177.74,8.94
2020-09-19,393.89,7.12,185.53,9.11
2020-09-26,397.28,7.17,198.46,9.50
2020-10-03,399.94,7.70,204.29,9.45
2020-10-10,400.58,7.67,208.08,8.27
2020-10-17,397.85,7.20,214.46,9.02
2020-10-24,392.17,6.79,213.51,9.19
2020-10-31,386.58,6.54,192.10,9.03
2020-11-07,391.86,6.79,184.80,9.20
2020-11-14,408.83,7.59,182.62,8.77
2020-11-21,425.22,8.22,173.71,9.24
2020-11-28,435.75,8.82,172.52,8.99
2020-12-05,433.71,8.24,172.33,9.82
2020-12-12,408.47,6.48,172.37,8.67
2020-12-19,391.05,6.08,163.11,10.22
2020-12-26,391.07,6.68,153.89,8.60
2021-01-02,397.43,6.85,162.49,8.26
2021-01-09,396.70,7.14,173.29,9.32
2021-01-16,400.00,7.49,176.57,9.21
2021-01-23,406.82,7.90,175.14,9.13
2021-01-30,419.23,8.15,181.72,8.31
2021-02-06,428.98,8.34,182.16,8.96
2021-02-13,429.86,8.31,191.11,8.76
2021-02-20,433.38,8.35,199.08,10.07
2021-02-27,437.01,8.20,205.02,9.20
2021-03-06,430.89,7.70,205.61,9.76
2021-03-13,421.96,7.57,214.48,9.20
2021-03-20,421.39,7.26,226.14,10.41
2021-03-27,430.98,7.28,235.97,10.65
2021-04-03,446.97,7.38,238.50,10.86
2021-04-10,473.04,7.55,243.56,10.84
2021-04-17,486.00,7.61,245.59,11.22
2021-04-24,493.04,7.50,250.54,10.27
2021-05-01,502.57,7.54,240.33,10.85
2021-05-08,512.82,7.81,247.46,10.86
2021-05-15,525.03,7.88,251.83,11.79
2021-05-21,535.99,7.96,259.91,12.12
2021-05-29,543.71,8.05,274.41,11.91
2021-06-05,553.37,8.30,286.84,12.38
2021-06-12,553.26,8.16,295.09,12.63
2021-06-19,545.64,8.03,271.57,12.48
2021-06-26,531.89,7.85,246.16,12.61
2021-07-03,510.36,7.77,252.56,12.69
2021-07-10,499.77,7.78,254.47,12.58
2021-07-17,485.74,7.24,261.67,13.26
2021-07-24,476.81,8.03,267.94,13.69
2021-07-31,482.42,8.55,272.43,13.61
2021-08-07,500.68,9.38,275.51,14.43
2021-08-14,526.57,10.11,270.89,14.82
2021-08-21,557.99,11.02,263.45,15.62
2021-08-28,568.48,10.89,249.70,15.84
2021-09-04,561.59,10.56,238.79,16.07
2021-09-11,552.13,9.99,236.43,15.43
2021-09-18,538.01,9.50,230.30,15.56
2021-09-25,523.80,9.18,232.17,15.74
2021-10-02,509.63,8.34,248.53,15.78
2021-10-09,494.58,8.10,243.17,15.68
2021-10-16,489.10,7.95,229.94,15.80
2021-10-23,490.12,8.09,217.12,15.67
2021-10-30,496.34,8.20,208.08,15.38
2021-11-06,503.43,8.30,211.71,15.40
2021-11-13,505.23,8.23,206.14,15.40
2021-11-20,502.63,7.92,196.13,15.57
2021-11-27,507.21,7.76,187.07,15.82
2021-12-04,509.65,7.56,187.55,15.50
2021-12-11,506.09,7.14,188.50,15.10
2021-12-18,497.53,7.07,192.57,15.42
2021-12-25,495.88,7.47,191.16,15.66
2022-01-01,499.29,7.66,191.88,15.72
2022-01-08,504.68,7.92,190.45,15.87
2022-01-15,515.97,8.58,192.21,15.90
2022-01-22,526.35,9.03,202.47,15.40
2022-01-29,526.55,9.08,210.01,16.15
2022-02-05,520.48,8.64,210.56,15.16
2022-02-12,514.76,8.15,225.17,15.61
2022-02-19,510.03,7.25,241.19,14.72
2022-02-26,457.75,7.13,244.38,15.06
2022-03-05,496.41,6.71,237.29,14.76
2022-03-12,490.62,6.67,231.68,14.48
2022-03-19,493.15,6.66,230.05,13.52
2022-03-26,497.99,6.59,234.34,15.09
2022-04-02,503.87,6.28,231.62,14.41
2022-04-09,508.53,6.19,229.06,14.01
2022-04-16,513.50,6.10,238.08,14.10
2022-04-23,514.49,5.95,240.50,13.67
2022-04-30,509.52,5.61,231.40,12.86
2022-05-07,505.41,5.70,231.86,14.11
2022-05-14,501.97,5.70,221.69,12.54
2022-05-21,504.94,5.99,227.85,13.29
2022-05-28,505.14,6.16,236.13,13.39
2022-06-04,506.40,6.43,241.52,13.77
2022-06-11,512.25,6.58,237.31,13.35
2022-06-18,513.79,6.66,242.79,13.66
2022-06-25,514.14,6.80,244.57,13.15
2022-07-02,516.60,6.99,237.18,12.92
2022-07-09,517.57,7.13,249.06,14.06
2022-07-16,517.44,7.53,260.26,13.76
2022-07-23,515.02,7.81,273.37,12.94
2022-07-30,511.68,7.68,280.50,13.05
2022-08-06,510.55,7.70,278.98,14.13
2022-08-13,510.36,7.35,271.35,13.15
2022-08-20,515.02,7.13,264.70,13.73
2022-08-27,515.11,6.79,233.44,14.13
2022-09-03,508.24,6.89,225.30,13.36
2022-09-10,504.35,6.88,227.04,13.06
2022-09-17,498.06,6.73,233.02,13.20
2022-09-24,494.45,6.82,227.04,12.77
2022-10-01,492.65,7.08,218.97,12.65
2022-10-08,493.37,7.52,220.20,13.04
2022-10-15,494.69,7.85,225.90,12.87
2022-10-22,503.73,8.84,225.41,13.91
2022-10-29,518.17,9.87,219.10,13.09
2022-11-05,523.82,10.27,214.04,12.83
2022-11-12,523.84,9.97,211.53,11.05
2022-11-19,517.57,9.42,207.66,9.76
2022-11-26,515.22,7.72,198.15,10.31
2022-12-03,518.98,7.21,192.72,11.24
2022-12-10,511.81,6.71,190.63,11.23
2022-12-17,522.57,7.35,191.53,10.42
2022-12-24,533.68,7.77,189.93,11.89
2022-12-31,548.90,8.05,195.45,11.21
2023-01-07,556.03,8.40,187.09,11.25
2023-01-14,559.17,8.22,178.53,10.64
2023-01-21,546.83,7.38,174.02,11.07
2023-01-28,538.56,7.58,175.91,10.39
2023-02-04,537.48,7.21,176.02,11.03
2023-02-11,541.51,7.24,176.40,11.04
2023-02-18,554.47,8.01,180.27,11.21
2023-02-25,569.07,8.33,187.07,10.95
2023-03-04,575.50,8.16,187.95,11.75
2023-03-11,573.98,8.07,192.81,11.20
2023-03-18,573.01,8.01,188.76,11.22
2023-03-25,567.60,7.91,177.91,11.50
2023-04-01,569.43,7.97,174.92,11.46
2023-04-08,585.71,8.14,170.85,12.05
2023-04-15,606.10,8.35,169.99,12.42
2023-04-22,622.67,8.51,172.46,12.85
2023-04-29,623.04,8.24,174.06,12.95
2023-05-06,618.90,7.68,178.02,12.83
2023-05-13,613.14,7.58,181.46,13.10
2023-05-20,607.44,7.36,184.05,13.44
2023-05-27,611.51,7.61,181.52,12.87
2023-06-03,621.08,7.99,186.65,13.34
2023-06-10,651.38,8.84,190.63,14.12
2023-06-17,674.50,9.02,198.29,14.14
2023-06-24,659.91,8.45,211.46,14.15
2023-07-01,652.76,8.49,221.83,13.89
2023-07-08,643.94,8.21,236.30,14.55
2023-07-15,632.02,8.02,245.10,14.18
2023-07-22,629.00,7.98,250.07,14.39
2023-07-29,631.33,8.15,251.33,14.28
2023-08-05,627.07,8.05,252.30,14.45
2023-08-12,628.76,8.32,246.22,14.31
2023-08-19,636.94,8.71,237.14,14.60
2023-08-26,641.59,8.89,223.52,14.95
2023-09-02,636.61,8.88,205.46,14.64
2023-09-09,633.67,8.82,214.06,14.41
2023-09-16,626.67,8.73,218.35,14.58
2023-09-23,625.33,8.79,218.81,14.80
2023-09-30,624.16,9.09,215.18,14.37
2023-10-07,621.04,9.18,208.34,14.67
2023-10-14,622.84,9.44,203.79,14.36
2023-10-21,629.90,10.08,195.27,14.35
2023-10-28,633.34,10.40,191.33,14.16
2023-11-04,628.80,9.74,191.64,14.14
2023-11-04,628.80,9.74,191.64,14.14
2023-11-11,623.63,8.94,194.61,14.41
2023-11-18,610.63,8.52,191.51,12.74
2023-11-25,608.32,8.48,187.09,14.24
2023-12-02,606.87,8.39,186.96,13.82
2023-12-09,595.96,8.18,185.39,14.40
2023-12-16,590.96,8.04,185.86,14.34
2023-12-23,590.96,8.07,181.26,13.77
2023-12-30,593.08,8.39,182.60,14.79
2024-01-06,584.14,8.39,185.13,14.29
2024-01-13,590.11,8.62,187.81,12.92
2024-01-20,602.40,9.64,193.64,14.87
2024-01-27,607.09,10.12,196.02,13.50
2024-02-03,608.28,9.86,194.55,14.35
2024-02-10,609.00,9.66,189.27,13.78
2024-02-17,615.01,9.34,194.46,13.73
2024-02-24,618.95,9.63,202.16,13.42
2024-03-02,626.78,9.79,201.45,13.91
2024-03-09,629.95,9.27,201.96,13.89
2024-03-16,638.29,9.23,204.45,14.17
2024-03-23,642.86,9.16,204.23,13.94
2024-03-30,642.64,8.76,208.25,14.08
2024-04-06,629.22,8.36,213.20,14.05
2024-04-13,626.08,8.41,221.67,14.26
2024-04-20,619.06,8.09,221.21,14.34
2024-04-27,617.96,7.99,216.04,14.39
2024-05-04,618.62,7.89,216.37,14.10
2024-05-11,622.82,7.65,217.40,13.81
2024-05-18,634.66,8.13,222.97,14.54
2024-05-25,643.52,8.39,220.15,14.52
2024-06-01,648.87,8.12,225.70,14.49
2024-06-08,652.08,8.00,221.80,14.60
2024-06-15,649.92,7.93,220.64,14.28
2024-06-22,660.75,8.06,216.26,14.72
2024-06-29,667.26,8.22,211.84,14.35
2024-07-06,677.25,8.34,208.05,14.53
2024-07-13,670.19,8.18,210.87,14.85
2024-07-20,661.32,7.93,220.40,14.52
2024-07-27,654.26,7.86,230.52,14.38
2024-08-03,658.57,8.03,232.08,14.53
2024-08-10,656.94,8.27,221.08,14.38
2024-08-17,652.81,8.44,219.32,14.37
2024-08-24,626.91,8.48,213.25,14.73
2024-08-31,635.76,9.00,210.96,14.80
2024-09-07,632.83,9.56,211.79,14.45
2024-09-14,626.23,9.82,207.46,14.69
2024-09-21,620.07,10.14,207.94,14.43
2024-09-28,621.85,10.67,207.94,14.51
2024-10-05,626.56,11.05,209.57,14.70
2024-10-12,636.53,11.91,209.18,14.64
2024-10-19,646.82,12.84,209.97,14.82
2024-10-26,653.18,12.87,215.95,14.64
2024-11-02,653.16,12.23,225.17,13.82
2024-11-09,645.74,9.37,223.50,14.43
2024-11-16,634.92,8.73,214.54,14.19
2024-11-23,633.62,8.64,207.33,14.16
2024-11-30,641.21,8.74,200.05,14.49
2024-12-07,647.17,8.68,198.73,14.28
2024-12-14,649.07,8.92,205.28,14.48
2024-12-21,660.00,9.20,211.11,14.41
2024-12-28,662.57,9.41,209.29,14.14
2025-01-04,669.57,10.13,199.91,14.85
2025-01-11,680.20,11.11,197.38,14.92
2025-01-18,688.91,11.09,198.99,14.96
2025-01-25,690.36,10.55,200.97,15.02
2025-02-01,697.88,10.42,205.48,14.82
2025-02-08,693.42,9.93,209.02,14.93
2025-02-15,679.49,9.07,220.37,14.59
2025-02-22,666.38,8.60,214.96,14.53
2025-03-01,657.76,8.35,215.64,14.73
2025-03-08,658.57,8.19,215.12,14.24
2025-03-15,669.39,8.56,213.42,14.75
2025-03-22,684.90,8.61,211.73,14.78
2025-03-29,705.61,9.01,212.06,14.58
2025-04-05,711.61,8.58,209.77,14.08
2025-04-12,706.86,8.02,203.79,13.96
2025-04-19,700.57,7.99,205.19,13.68
2025-04-26,705.23,7.98,211.27,14.26
2025-05-03,727.34,8.33,213.69,14.26
2025-05-10,735.26,8.27,211.31,13.99
2025-05-17,747.32,8.51,215.82,14.54
2025-05-24,760.56,8.98,221.50,14.79
2025-05-31,761.93,9.13,229.88,14.10
2025-06-07,776.40,8.98,237.20,13.61
2025-06-14,793.83,9.33,249.39,13.53
2025-06-21,812.88,10.09,263.45,13.30
2025-06-28,813.01,9.99,265.58,14.02
2025-07-05,802.89,9.97,246.75,12.64
2025-07-12,798.53,9.75,248.69,12.97
2025-07-19,796.20,8.86,253.75,13.74
2025-07-26,792.70,9.31,260.17,13.89
2025-08-02,787.47,9.52,255.68,13.25
2025-08-09,803.07,10.55,257.33,13.26
2025-08-16,821.33,11.99,256.01,13.95
2025-08-23,838.88,13.50,249.59,13.49
2025-08-30,849.60,14.27,248.47,14.10
2025-09-06,850.17,15.08,251.92,13.18
2025-09-13,838.49,14.91,252.10,13.20
2025-09-20,814.44,13.07,246.99,13.71
2025-09-27,797.46,11.35,247.32,13.17
2025-10-04,778.95,10.05,240.48,12.26
2025-10-11,774.71,9.98,230.67,13.37
2025-10-18,779.50,9.89,226.25,13.82
2025-10-25,796.29,10.30,222.13,13.58
2025-11-01,796.40,10.33,221.56,13.05
2025-11-08,787.73,9.97,217.58,12.21
2025-11-15,779.70,9.46,213.93,12.31
2025-11-22,766.33,9.56,206.45,12.83
2025-11-29,750.86,9.55,205.99,12.90
2025-12-06,743.42,9.54,208.01,11.88
2025-12-13,750.99,9.97,213.95,12.57
2025-12-20,763.97,10.72,216.96,13.01
2025-12-27,761.00,11.84,212.56,12.41
2026-01-03,754.95,12.51,208.12,12.92
2026-01-10,762.70,13.53,202.62,12.46
2026-01-17,767.71,14.29,203.90,12.85
2026-01-24,778.36,14.29,207.68,12.83
2026-01-31,784.17,13.56,209.29,13.01
2026-02-07,791.38,12.45,209.04,12.95
2026-02-14,793.52,11.40,209.37,13.11
2026-02-21,797.81,10.57,211.29,12.91
2026-02-28,813.82,11.01,214.32,13.02
2026-03-07,814.59,11.26,216.96,13.39
2026-03-14,818.95,11.45,219.69,13.76
2026-03-21,818.47,11.43,218.42,13.90
2026-03-28,814.09,10.87,213.36,13.62
2026-04-04,811.43,10.63,213.64,13.74
2026-04-11,812.72,10.45,215.53,12.22
2026-04-18,815.41,10.30,215.05,13.45
2026-04-25,818.09,10.35,218.02,13.88
2026-05-02,827.40,10.64,215.18,13.92
2026-05-09,837.03,10.81,211.90,14.08
2026-05-16,843.50,11.00,212.37,13.94
2026-05-23,851.91,11.01,212.34,14.42
2026-05-30,848.01,9.89,217.67,14.66
2026-06-06,844.67,10.59,219.19,14.49
2026-06-13,842.45,10.55,212.19,14.83
2026-06-20,843.35,10.52,210.30,14.54
2026-06-27,852.76,10.57,209.35,14.78
2026-07-04,844.95,10.46,211.71,15.00
2026-07-11,830.76,10.34,216.68,15.21
